,Type,Genus,Tubecolour,Botanicalname,Commonname,Height(m),Spread(m),Rain(mm),Soiltexture,SoilpH,Frost,Flowercolour,Flower(time),searchQuery
0,Trees and Shrubs,Acacia ,B,acinacea ,round-leaved wattle,1-2,1-2,300,"Sa,Lo,Cl",ANC,R,Y,"W,Sp","TS_Sa,TS_Lo,TS_Cl"
1,Trees and Shrubs,Acacia ,B,anceps,Port Lincoln wattle,1-3,1-3,250,"Sa,Li",ANC,M,Y,"Sp,S","TS_Sa,TS_Li"
2,Trees and Shrubs,Acacia ,B,aneura,mulga,4-10,3-6,150,"Sa,Lo,Li",ANC,R,Y,"W,Sp","TS_Sa,TS_Lo,TS_Li"
3,Trees and Shrubs,Acacia ,B,argyrophylla,golden-grey mulga,1-5,2-6,350,"Sa,Lo,Li",ANC,R,Y,"W,Sp","TS_Sa,TS_Lo,TS_Li"
4,Trees and Shrubs,Acacia ,B,baileyana var. purpurea,purple Cootamundra wattle,5-8,4-7,500,"Lo,Cl",ANC,R,Y,"W,Sp","TS_Lo,TS_Cl"
5,Trees and Shrubs,Acacia ,B,brachybotrya,grey mulga,2-4,1.5-4,250,"Sa,Lo,Cl,Li",ANC,R,Y,"W,Sp","TS_Sa,TS_Lo,TS_Cl,TS_Li"
6,Trees and Shrubs,Acacia ,B,calamifolia,wallowa ,2-5,2-4,200,"Sa,Lo,Cl,Li",ANC,M,Y,"W,Sp","TS_Sa,TS_Lo,TS_Cl,TS_Li"
7,Trees and Shrubs,Acacia ,B,continua,thorn wattle,1-2,1-2,300,"Sa,Lo,Cl",ANC,M,Y,"W,Sp","TS_Sa,TS_Lo,TS_Cl"
8,Trees and Shrubs,Acacia ,B,cultriformis,knife-leaf wattle,2-4,2-4,450,"Lo,Cl",ANC,R,Y,"W,Sp","TS_Lo,TS_Cl"
9,Trees and Shrubs,Acacia ,B,cupularis,coastal umbrella bush,2-3,2-3,200,"Sa,Lo,Li",ANC,M,Y,Sp,"TS_Sa,TS_Lo,TS_Li"
10,Trees and Shrubs,Acacia ,B,cyperophylla,red mulga,4-12,3-8,150,"Sa,Lo,Cl",ANC,R,Y,Sp,"TS_Sa,TS_Lo,TS_Cl"
11,Trees and Shrubs,Acacia ,B,dodonaeifolia,sticky wattle ,2-7,3-5,550,"Sa,Cl,Lo,Li",ANC,R,Y,"W,Sp","TS_Sa,TS_Cl,TS_Lo,TS_Li"
12,Trees and Shrubs,Acacia ,B,estrophiolata,ironwood,5-10,3-10,150,"Sa,Lo",ANC,R,Y,Sp,"TS_Sa,TS_Lo"
13,Trees and Shrubs,Acacia ,B,farinosa,mealy wattle,1-2,2-4,350,"Sa, Lo, Li",ANC,M,Y,"W,Sp","TS_Sa,TS_Lo,TS_Li"
14,Trees and Shrubs,Acacia ,B,fimbriata,fringed wattle,5-8,3-5,550,"Lo,Cl",ANC,M,Y,Sp,"TS_Lo,TS_Cl"
15,Trees and Shrubs,Acacia ,G,fimbriata Dwarf Form,dwarf fringe wattle,1.5-2,1-1.5,500,"Lo,Cl",ANC,M,Y,Sp,"TS_Lo,TS_Cl"
16,Trees and Shrubs,Acacia ,B,floribunda,gossamer wattle,4-7,4-6,550,"Lo,Cl",ANC,M,Y,"W,Sp","TS_Lo,TS_Cl"
17,Trees and Shrubs,Acacia ,B,gillii,Gill’s wattle,3-5,2-4,500,"Sa,Lo,Cl",ANC,M,Y,"Sp,S","TS_Sa,TS_Lo,TS_Cl"
18,Trees and Shrubs,Acacia ,B,glandulicarpa,hairy-pod wattle,1-3,1-3,350,"Sa,Lo",ANC,R,Y,"W,Sp","TS_Sa,TS_Lo"
19,Trees and Shrubs,Acacia ,B,glaucoptera,clay wattle,0.5-1.5,1-3,500,"Lo,Cl",ANC,M,Y,"W,Sp","TS_Lo,TS_Cl"
20,Trees and Shrubs,Acacia ,B,gracilifolia,graceful wattle,2-4,2-4,300,"Sa,Lo",ANC,M,Y,"W,Sp","TS_Sa,TS_Lo"
21,Trees and Shrubs,Acacia ,B,gunnii,ploughshare wattle,0.2-0.8,1-2,500,"Sa,Lo,Cl",AN,R,Y,"W,Sp","TS_Sa,TS_Lo,TS_Cl"
22,Trees and Shrubs,Acacia ,B,hakeoides,hakea wattle,2.5-4,3-5,250,"Sa,Lo",ANC,R,Y,"W,Sp","TS_Sa,TS_Lo"
23,Trees and Shrubs,Acacia ,B,howittii,sticky wattle,4-8,3-6,450,"Lo,Cl",ANC,R,Y,Sp,"TS_Lo,TS_Cl"
24,Trees and Shrubs,Acacia ,B,imbricata,imbricate wattle,1-3,2-5,350,"Sa,Lo,Cl",ANC,R,Y,"W,Sp","TS_Sa,TS_Lo,TS_Cl"
25,Trees and Shrubs,Acacia ,B,iteaphylla,Flinders Ranges wattle,3-5,3-6,200,"Sa,Lo,Cl,Li",ANC,M,Y,"A,W","TS_Sa,TS_Lo,TS_Cl,TS_Li"
26,Trees and Shrubs,Acacia ,B,ligulata,umbrella wattle,2-4,4-6,150,"Sa,Lo,Cl Li",ANC,R,Y,Sp,"TS_Sa,TS_Lo,TS_Cl,TS_Li"
27,Trees and Shrubs,Acacia ,B,lineata,streaked wattle,0.5-3,1-3,500,"Sa,Lo,Cl",ANC,M,Y,Sp,"TS_Sa,TS_Lo,TS_Cl"
28,Trees and Shrubs,Acacia ,B,longifolia var. sophorae,coastal wattle,2-5,4-8,450,"Sa,Lo",ANC,M,Y,"W,Sp","TS_Sa,TS_Lo"
29,Trees and Shrubs,Acacia ,B,melanoxylon SA forms,blackwood,7-20,4-10,500,"Lo,Cl",ANC,R,Y,"W,Sp","TS_Lo,TS_Cl"
30,Trees and Shrubs,Acacia ,B,menzelii,Menzel’s wattle,1-2,2-3,350,"Sa,Lo",ANC,M,Y,"W,Sp","TS_Sa,TS_Lo"
31,Trees and Shrubs,Acacia ,B,merrallii,Merrall’s wattle,1-1.5,2-3,250,"Sa,Lo,Li",ANC,M,Y,"W,Sp","TS_Sa,TS_Lo,TS_Li"
32,Trees and Shrubs,Acacia ,B,microcarpa,manna wattle,1-3,2-4,300,"Sa,Cl,Lo,Li",ANC,R,Y,"W,Sp","TS_Sa,TS_Cl,TS_Lo,TS_Li"
33,Trees and Shrubs,Acacia ,B,montana,mallee wattle,2-4,2-5,325,"Sa,Cl,Lo,Li",ANC,R,Y,Sp,"TS_Sa,TS_Cl,TS_Lo,TS_Li"
34,Trees and Shrubs,Acacia ,B,murrayana,Murray’s wattle,2-6,2-7,150,"Sa,Lo",ANC,R,Y,Sp,"TS_Sa,TS_Lo"
35,Trees and Shrubs,Acacia ,B,myrtifolia,myrtle wattle,1-2,1-2,500,"Lo,Cl",ANC,M,Y,Sp,"TS_Lo,TS_Cl"
36,Trees and Shrubs,Acacia ,B,notabilis,notable wattle,3-6,3-4,250,"Lo,Li,Cl",ANC,R,Y,"W,Sp","TS_Lo,TS_Li,TS_Cl"
37,Trees and Shrubs,Acacia ,B,papyrocarpa,western myall,5-10,3-6,125,"Sa,Lo,Li",ANC,R,Y,Sp,"TS_Sa,TS_Lo,TS_Li"
38,Trees and Shrubs,Acacia ,B,paradoxa ,kangaroo thorn,2-4,3-4,300,"Sa,Lo,Cl,Li",ANC,M,Y,Sp,"TS_Sa,TS_Lo,TS_Cl,TS_Li"
39,Trees and Shrubs,Acacia ,B,pendula,weeping myall,6-10,6-8,250,"Lo,Cl",ANC,M,Y,"A,W,Sp","TS_Lo,TS_Cl"
40,Trees and Shrubs,Acacia ,G,pinguifolia,fat-leaved wattle,1-2,1-2,400,"Sa,Lo,Cl",ANC,R,Y,Sp,"TS_Sa,TS_Lo,TS_Cl"
41,Trees and Shrubs,Acacia ,B,podalyriifolia,Mt Morgan wattle,4-7,4-5,500,"Sa,Lo,Cl",AN,M,Y,"W,Sp","TS_Sa,TS_Lo,TS_Cl"
42,Trees and Shrubs,Acacia ,B,pravissima,Oven’s wattle,4-8,4-8,500,"Sa,Lo,Cl",ANC,M,Y,"W,Sp","TS_Sa,TS_Lo,TS_Cl"
43,Trees and Shrubs,Acacia ,B,pycnantha,golden wattle,4-6,2-6,450,"Sa,Lo,Cl",ANC,M,Y,"W,Sp","TS_Sa,TS_Lo,TS_Cl"
44,Trees and Shrubs,Acacia ,B,retinodes ,wirilda,5-8,3-7,500,"Lo,Cl",ANC,M,Y,"W,Sp","TS_Lo,TS_Cl"
45,Trees and Shrubs,Acacia ,B,rhetinocarpa,neat wattle,0.5-1.5,1-2,350,"Sa,Lo",ANC,R,Y,Sp,"TS_Sa,TS_Lo"
46,Trees and Shrubs,Acacia ,B,rhigiophylla,dagger-leaved wattle,1-2,2-4,350,"Sa,Lo",ANC,R,Y,Sp,"TS_Sa,TS_Lo"
47,Trees and Shrubs,Acacia ,B,rigens,nealie,2-4,2-4,200,"Sa,Lo,Cl,Li",ANC,R,Y,"W,Sp","TS_Sa,TS_Lo,TS_Cl,TS_Li"
48,Trees and Shrubs,Acacia ,B,rupicola,rock wattle,1-2.5,1-2.5,350,"Sa,Lo,Cl,Li",ANC,R,Y,"Sp,S","TS_Sa,TS_Lo,TS_Cl,TS_Li"
49,Trees and Shrubs,Acacia ,B,salicina,Broughton willow ,4-10,3-5,300,"Lo,Cl",ANC,R,Y,"W,Sp","TS_Lo,TS_Cl"
50,Trees and Shrubs,Acacia ,B,sclerophylla var. sclerophylla,hard-leaf wattle,1-2,2-4,250,"Sa,Lo,Cl,Li",ANC,R,Y,Sp,"TS_Sa,TS_Lo,TS_Cl,TS_Li"
51,Trees and Shrubs,Acacia ,B,spectabilis,Mudgee wattle,3-4,2-3,500,"Lo,Cl",ANC,R,Y,"W,Sp","TS_Lo,TS_Cl"
52,Trees and Shrubs,Acacia ,B,spilleriana,Spiller’s wattle,1-3,1-3,350,"Sa,Lo,Cl",ANC,R,Y,"W,Sp","TS_Sa,TS_Lo,TS_Cl"
53,Trees and Shrubs,Acacia ,B,spinescens,spiny wattle,0.5-2,1-2,350,"Sa,Lo",ANC,R,Y,"W,Sp","TS_Sa,TS_Lo"
54,Trees and Shrubs,Acacia ,B,stenophylla,river cooba,5-15,3-6,250,"Sa,Lo,Cl,Li",ANC,R,Y,F,"TS_Sa,TS_Lo,TS_Cl,TS_Li"
55,Trees and Shrubs,Acacia ,B,triquetra,gold-dust wattle,1-2,2-3.5,350,"Lo,Cl",ANC,R,Y,Sp,"TS_Lo,TS_Cl"
56,Trees and Shrubs,Acacia ,B,verniciflua,varnish wattle,3-5,3-5,450,"Sa,Lo,Cl",ANC,M,Y,"W,Sp,S","TS_Sa,TS_Lo,TS_Cl"
57,Trees and Shrubs,Acacia ,B,verticillata ssp ovoidea,prickly moses,2-4,1-3,600,"Lo,Cl",ANC,M,Y,"W,Sp,S","TS_Lo,TS_Cl"
58,Trees and Shrubs,Acacia ,B,vestita,hairy wattle,3-4,3-4,500,"Lo,Cl",ANC,R,Y,Sp,"TS_Lo,TS_Cl"
59,Trees and Shrubs,Acacia ,B,victoriae ssp victoriae,elegant wattle,2-5,2-5,125,"Lo,Cl",ANC,R,Y,"S,Sp","TS_Lo,TS_Cl"
60,Trees and Shrubs,Acacia ,B,wilhelmiana,dwarf nealie,1-3,2-3,250,"Cl,Lo,Li",ANC,R,Y,"W,Sp","TS_Cl,TS_Lo,TS_Li"
61,Trees and Shrubs,Adenanthos,G,cuneatus,basket flower,0.5-3,1-3,400,"Sa,Lo,Cl",ANC,R,Pu/Bu,"W,Sp,S","TS_Sa,TS_Lo,TS_Cl"
62,Trees and Shrubs,Adenanthos,G,sericeus,coastal woolly bush,2-7,1-6,500,"Sa,Lo,Cl",ANC,M,O,"W,Sp,S","TS_Sa,TS_Lo,TS_Cl"
63,Trees and Shrubs,Adenanthos,G,‘Silver Cloud’,cultivar of A.sericeus,1.5-2,1.5-2,500,"Sa,Lo,Cl",ANC,M,O,"W,Sp,S","TS_Sa,TS_Lo,TS_Cl"
64,Trees and Shrubs,Adriana,B,quadripartita syn.klotzschii,coastal bitter bush,1-2,1-3,350,"Sa,Lo",ANC,M,R/Br,"Sp,S","TS_Sa,TS_Lo"
65,Trees and Shrubs,Agonis,B,flexuosa,WA willow myrtle,5-12,4-9,500,"Sa,Lo,Cl,Li",ANC,M,W,Sp,"TS_Sa,TS_Lo,TS_Cl,TS_Li"
66,Trees and Shrubs,Agonis,G,flexuosa nana,dwarf willow myrtle,1-1.5,1-1.5,500,"Sa,Lo,Cl,Li",ANC,M,W,Sp,"TS_Sa,TS_Lo,TS_Cl,TS_Li"
67,Trees and Shrubs,Allocasuarina,B,decaisneana,desert oak,5-12,3-8,200,Sa,ANC,R,I,Sp,TS_Sa
68,Trees and Shrubs,Allocasuarina,B,luehmannii,bull oak,8-20,5-8,550,"Sa,Lo,Cl",ANC,R,I,Sp,"TS_Sa,TS_Lo,TS_Cl"
69,Trees and Shrubs,Allocasuarina,B,muelleriana ssp muelleriana,slaty sheoak,1-3,2-3,400,"Sa,Lo,Cl",ANC,M,I,"Sp,S","TS_Sa,TS_Lo,TS_Cl"
70,Trees and Shrubs,Allocasuarina,B,pusilla,dwarf sheoak,1-2,1-2,350,"Sa,Lo,Cl,Li",ANC,R,I,"A,W,Sp","TS_Sa,TS_Lo,TS_Cl,TS_Li"
71,Trees and Shrubs,Allocasuarina,B,striata,small bull oak,1.5-4,1-3,550,"Sa,Lo,Cl",AN,R,I,Sp,"TS_Sa,TS_Lo,TS_Cl"
72,Trees and Shrubs,Allocasuarina,B,torulosa,rose sheoak,6-20,6-8,600,"Lo,Cl",AN,R,I,A,"TS_Lo,TS_Cl"
73,Trees and Shrubs,Allocasuarina,B,verticillata Coastal form,drooping sheoak,5-8,4-6,400,"Sa,Lo,Cl,Li",ANC,R,"R,Br","A,W","TS_Sa,TS_Lo,TS_Cl,TS_Li"
74,Trees and Shrubs,Alyogyne ,G,hakeifolia,desert hibiscus,2-3,2-3,300,"Sa,Lo,Cl,Li",ANC,M,"Y,Pu",F,"TS_Sa,TS_Lo,TS_Cl,TS_Li"
75,Trees and Shrubs,Alyogyne ,G,huegelii,native hibiscus,2-3,2-3,300,"Sa,Lo,Cl,Li",ANC,M,Pu,F,"TS_Sa,TS_Lo,TS_Cl,TS_Li"
76,Trees and Shrubs,Alyogyne ,G,‘Melissa Anne’,cultivar of A.hakeifolia,2,1.5,300,"Sa,Lo,Li",ANC,M,Pk/Pu,"Sp,S","TS_Sa,TS_Lo,TS_Li"
77,Trees and Shrubs,Alyxia,G,buxifolia,sea box,0.5-2,0.5-2,400,"Sa,Lo,Cl,Li",ANC,M,W,Sp,"TS_Sa,TS_Lo,TS_Cl,TS_Li"
78,Trees and Shrubs,Angophora,B,costata,smooth-barked apple,10-20,6-12,550,"Sa,Lo,Cl",ANC,M,W,"Sp,S","TS_Sa,TS_Lo,TS_Cl"
79,Trees and Shrubs,Atriplex,B,cinerea,coastal saltbush,1,1-2,350,"Sa,Li",ANC,M,I,F,"TS_Sa,TS_Li"
80,Trees and Shrubs,Atriplex,B,nummularia,old man saltbush,2-3,2-3,250,"Sa,Lo,Cl,Li",ANC,R,I,F,"TS_Sa,TS_Lo,TS_Cl,TS_Li"
81,Trees and Shrubs,Atriplex,B,paludosa,marsh saltbush,0.5-1,0.5-1,300,"Sa,Lo,Cl",ANC,R,I,F,"TS_Sa,TS_Lo,TS_Cl"
82,Trees and Shrubs,Atriplex,B,rhagodioides,river saltbush,0.5-2,1-2,250,"Sa,Lo",ANC,R,I,F,"TS_Sa,TS_Lo"
83,Trees and Shrubs,Atriplex,B,vesicaria,bladder saltbush,0.5-1,1-2,250,"Sa,Lo,Cl",ANC,R,I,F,"TS_Sa,TS_Lo,TS_Cl"
84,Trees and Shrubs,Austromyrtus ,G,‘Copper Tops’,A. dulcis x tenuifolia,0.5,1-1.5,600,"Sa,Lo,Cl",AN,M,W,"Sp,S","TS_Sa,TS_Lo,TS_Cl"
85,Trees and Shrubs,Babingtonia syn Baeckea,B,behrii,silver broombush,2-3,1-2,350,"Sa,Lo,Li",ANC,R,W,"Sp,S","TS_Sa,TS_Lo,TS_Li"
86,Trees and Shrubs,Babingtonia syn Baeckea,G,bidwillii - Dwarf Form,syn B.virgata dwarf,0.5-1,0.5-1,550," Sa,Lo,Cl",ANC,M,W,S,"TS_Sa,TS_Lo,TS_Cl"
87,Trees and Shrubs,Banksia,G,ashbyi,Ashby’s banksia ,2-4,2-4,300,"Sa,Lo",ANC,M,O,"W,Sp","TS_Sa,TS_Lo"
88,Trees and Shrubs,Banksia,G,baueri,possum banksia,2-5,2-3,400,"Sa,Lo",AN,S/M,Cr/Br,"W,Sp","TS_Sa,TS_Lo"
89,Trees and Shrubs,Banksia,G,baxteri,bird’s-nest banksia,3-4,3-5,550,"Sa,Lo",ANC,M,Y/G,"S,A,W","TS_Sa,TS_Lo"
90,Trees and Shrubs,Banksia,G,brownii,feather-leaved banksia,2-6,2-3,600,"Sa,Lo",AN,S/M,R/Br,"A,W","TS_Sa,TS_Lo"
91,Trees and Shrubs,Banksia,G,burdettii,Burdett’s banksia,3-5,3-5,550,"Sa,Lo",ANC,R,O,"Sp,S,A","TS_Sa,TS_Lo"
92,Trees and Shrubs,Banksia,G,caleyi,Caley’s banksia,2-3,2-4,550,"Sa,Lo,Cl",ANC,R,R/Y,"Sp,S","TS_Sa,TS_Lo,TS_Cl"
93,Trees and Shrubs,Banksia,G,coccinea,scarlet banksia,2-4,1-2,600,"Sa,Lo",AN,S/M,R,"W,Sp,S","TS_Sa,TS_Lo"
94,Trees and Shrubs,Banksia,G,dryandroides,dryandra-leaved banksia,0.5-1.5,1-2,650,"Sa,Lo",AN,R,O/Br,"S,A,W","TS_Sa,TS_Lo"
95,Trees and Shrubs,Banksia,G,ericifolia,heath-leaved banksia,2-7,2-4,600,"Sa,Lo,Cl",ANC,M,O/R,"A,W","TS_Sa,TS_Lo,TS_Cl"
96,Trees and Shrubs,Banksia,G,formosa syn Dryandra formosa,showy dryandra,2-4,2-3,650,"Sa, Lo",ANC,M,O/Y,"W,Sp","TS_Sa,TS_Lo"
97,Trees and Shrubs,Banksia,G,grandis,bull banksia,3-8,3,500,"Sa,Lo",AN,R,Y,Sp,"TS_Sa,TS_Lo"
98,Trees and Shrubs,Banksia,G,heliantha syn Dryandra quercifolia,oak-leaved dryandra,2-4,1.5-3,450,"Sa, Lo, Cl",ANC,M,Y,"A,W,Sp","TS_Sa,TS_Lo,TS_Cl"
99,Trees and Shrubs,Banksia,G,hookeriana,Hooker’s banksia,2-3,2-3,500,"Sa,Lo",AN,R,O,"W,Sp,S","TS_Sa,TS_Lo"
100,Trees and Shrubs,Banksia,G,integrifolia,coast banksia,8-15,5-8,450,"Sa,Lo,Cl",ANC,M,Y,F,"TS_Sa,TS_Lo,TS_Cl"
101,Trees and Shrubs,Banksia,B,marginata,silver banksia,2-8,1-5,500,"Sa,Lo,Cl",ANC,R,Y,"Sp,S,A","TS_Sa,TS_Lo,TS_Cl"
102,Trees and Shrubs,Banksia,G,media,golden stalk,2-4,2-4,350,"Sa,Lo",ANC,M,Y,"A,W,Sp","TS_Sa,TS_Lo"
103,Trees and Shrubs,Banksia,G,menziesii,firewood banksia,8-12,5-8,400,"Sa,Lo",AN,M,R/Y,"A,W","TS_Sa,TS_Lo"
104,Trees and Shrubs,Banksia,G,nutans,nodding banksia,1-2,1-2,500,"Sa, Lo",ANC,M,Pk/Br,"Sp,S","TS_Sa,TS_Lo"
105,Trees and Shrubs,Banksia,G,occidentalis,water bush,3-7,2-3,600,"Sa, Cl, Lo",ANC,M,R,"S,A","TS_Sa,TS_Cl,TS_Lo"
106,Trees and Shrubs,Banksia,B,ornata,desert banksia,1-2,1-2,400,"Sa, Lo",ANC,M,Y/B,"A,W","TS_Sa,TS_Lo"
107,Trees and Shrubs,Banksia,G,praemorsa,cut leaf banksia,2-4,2-3,400,"Sa,Lo,Cl,Li",ANC,M,"R,Y","W,Sp","TS_Sa,TS_Lo,TS_Cl,TS_Li"
108,Trees and Shrubs,Banksia,G,prionotes,orange banksia,6-10,3-5,350,"Sa, Lo, Li",ANC,R,W/O,"A,W","TS_Sa,TS_Lo,TS_Li"
109,Trees and Shrubs,Banksia,G,sceptrum,sceptre banksia,2-7,2-5,400,"Sa, Lo",ANC,M,Cr/Y,S,"TS_Sa,TS_Lo"
110,Trees and Shrubs,Banksia,G,serrata,old man banksia,2-10,2-7,500,"Sa,Lo",AN,M,Y,Sp,"TS_Sa,TS_Lo"
111,Trees and Shrubs,Banksia,G,speciosa,showy banksia,3-5,3-5,500,"Sa, Lo",ANC,M,G,"S,A","TS_Sa,TS_Lo"
112,Trees and Shrubs,Banksia,G,spinulosa,hairpin banksia,2-4,2-5,600,"Sa, Lo, Cl",AN,R,Y,"A,W","TS_Sa,TS_Lo,TS_Cl"
113,Trees and Shrubs,Banksia,G,victoriae,woolly orange banksia,2-6,2-4,350,Sa,ANC,M,O,"S,A",TS_Sa
114,Trees and Shrubs,Bauera,G,rubioides ,wiry bauera,0.5-2,1-3,650,"Lo, Cl",AN,M,"W,Pk",F,"TS_Lo,TS_Cl"
115,Trees and Shrubs,Bauera,G,‘Ruby Glow’,B. sessiliflora x rubioides,1.5-2,1.5-2,650,"Sa, Lo, Cl",AN,R,"Pk,W","Sp,S","TS_Sa,TS_Lo,TS_Cl"
116,Trees and Shrubs,Beaufortia,B,sparsa,swamp bottlebrush,2,1-2,600,"Sa, Lo, Cl",ANC,M,O/R,"S,A","TS_Sa,TS_Lo,TS_Cl"
117,Trees and Shrubs,Beyeria ,G,lechenaultii,pale turpentine bush,1,0.5-1,300,"Sa,Lo,Cl,Li",ANC,R,Y,Sp,"TS_Sa,TS_Lo,TS_Cl,TS_Li"
118,Trees and Shrubs,Boronia ,G,‘Chandleri’,syn. B.Jack McGuires Red,1,1-1.5,600,"Sa,Lo",AN,M,Br/R,"W,Sp","TS_Sa,TS_Lo"
119,Trees and Shrubs,Boronia ,G,coerulescens ssp coerulescens,blue boronia,0.5,0.5,400,"Sa,Lo",ANC,R,"B,W","A,W,Sp","TS_Sa,TS_Lo"
120,Trees and Shrubs,Boronia ,G,denticulata,mauve boronia,1-2.5,0.5-1.5,600,"Sa, Lo, Cl",AN,R,Pk,Sp,"TS_Sa,TS_Lo,TS_Cl"
121,Trees and Shrubs,Boronia ,G,filifolia,slender boronia,0.5-1,0.5–1,450,"Sa, Lo, Cl",ANC,M,Pk,"Sp,S","TS_Sa,TS_Lo,TS_Cl"
122,Trees and Shrubs,Boronia ,G,heterophylla,red boronia,1-2,1.5,650,"Sa, Lo, Cl",AN,M,Pk,Sp,"TS_Sa,TS_Lo,TS_Cl"
123,Trees and Shrubs,Boronia ,G,‘Lipstick’,lipstick boronia,1-1.5,1.5-2,500,"Lo,Cl",AN,M,Pk,Sp,"TS_Lo,TS_Cl"
124,Trees and Shrubs,Boronia ,G,megastigma,brown boronia,1,1-1.5,600,"Sa,Lo",AN,M,Br,"W,Sp","TS_Sa,TS_Lo"
125,Trees and Shrubs,Boronia ,G,megastigma Lutea,yellow boronia,1,1-1.5,600,"Sa,Lo,",AN,M,Y,"W,Sp","TS_Sa,TS_Lo"
126,Trees and Shrubs,Boronia ,G,molloyae,tall boronia,1-3,1-2,500,"Sa, Lo, Cl",AN,M,Pk/R,"Sp,S","TS_Sa,TS_Lo,TS_Cl"
127,Trees and Shrubs,Brachychiton,B,populneus,kurrajong,8-15,6-10,400,"Lo, Cl, Li",ANC,R,Cr/Pk,"Sp,S","TS_Lo,TS_Cl,TS_Li"
128,Trees and Shrubs,Bursaria ,B,spinosa ssp. lasiophylla,christmas bush,1-2.5,0.5-1.5,400,"Sa,Lo,Cl",ANC,R,W,"Sp,S","TS_Sa,TS_Lo,TS_Cl"
129,Trees and Shrubs,Callistemon,B,brachyandrus,prickly bottlebrush,2-3,1-3.5,450,"Sa,Lo,Cl,Li",ANC,R,R,"S,A","TS_Sa,TS_Lo,TS_Cl,TS_Li"
130,Trees and Shrubs,Callistemon,G,‘Burgundy’,cultivar of C.citrinus,2-4,2-4,500,"Sa, Lo, Cl",ANC,R,Bu,"Sp,S","TS_Sa,TS_Lo,TS_Cl"
131,Trees and Shrubs,Callistemon,G,‘Captain Cook’,cultivar of C.viminalis,2,1-1.5,550,"Sa, Lo. Cl",ANC,S/M,R,"Sp,A","TS_Sa,TS_Lo,TS_Cl"
132,Trees and Shrubs,Callistemon,B,citrinus,crimson bottlebrush,2-5,2-5,450,"Sa, Lo, Cl",ANC,M,R,"Sp,S","TS_Sa,TS_Lo,TS_Cl"
133,Trees and Shrubs,Callistemon,G,‘Harkness’,Gawler hybrid ,5-8,3-6,450,"Sa, Lo, Cl, Li",ANC,M,R,"Sp,S","TS_Sa,TS_Lo,TS_Cl,TS_Li"
134,Trees and Shrubs,Callistemon,B,pallidus,lemon bottlebrush,2-5,2-4,550,"Sa, Lo, Cl",ANC,R,Y,"Sp,S","TS_Sa,TS_Lo,TS_Cl"
135,Trees and Shrubs,Callistemon,B,phoeniceus,fiery bottlebrush,2-4,3-5,450,"Sa, Lo",ANC,M,R,"Sp,S","TS_Sa,TS_Lo"
136,Trees and Shrubs,Callistemon,B,rugulosus ,scarlet bottlebrush ,2-4,2-4,400,"Sa,Lo, Cl, Li",ANC,R,R,S,"TS_Sa,TS_Lo,TS_Cl,TS_Li"
137,Trees and Shrubs,Callistemon,B,salignus,white weeping bottlebrush,5-10,3-5,500,"Sa, Lo, Cl,",ANC,S/M,Cr,Sp,"TS_Sa,TS_Lo,TS_Cl"
138,Trees and Shrubs,Callistemon,B,sieberi,river bottlebrush,2-4,2-3,500,"Lo, Cl",ANC,M,Cr,Sp,"TS_Lo,TS_Cl"
139,Trees and Shrubs,Callistemon,B,teretifolius,Flinders Ranges bottlebrush,1-3,2-4,400,"Sa, Lo, Li",ANC,M,R,"Sp,S","TS_Sa,TS_Lo,TS_Li"
140,Trees and Shrubs,Callistemon,B,viminalis,weeping bottlebrush,4-10,2-5,550,"Sa, Lo, Cl, Li",ANC,S/M,R,"Sp,S","TS_Sa,TS_Lo,TS_Cl,TS_Li"
141,Trees and Shrubs,Calothamnus,G,quadrifidus Dwarf form,dwarf netbush,1-2,1-3,400,"Sa,Lo,Cl",ANC,M,R,"Sp,S","TS_Sa,TS_Lo,TS_Cl"
142,Trees and Shrubs,Calothamnus,G,quadrifidus var. obtusa,common netbush ,2-3,2-3,400,"Sa, Lo, Cl",ANC,M,R,"Sp,S","TS_Sa,TS_Lo,TS_Cl"
143,Trees and Shrubs,Calothamnus,G,quadrifidus (glaucous),grey netbush,2-3,2-3,400,"Sa, Lo, Cl",ANC,R,R,Sp,"TS_Sa,TS_Lo,TS_Cl"
144,Trees and Shrubs,Calytrix,G,tetragona,fringe myrtle,1-2,1-2,400,"Sa,Lo,Cl,Li",ANC,R,Pk/W,Sp,"TS_Sa,TS_Lo,TS_Cl,TS_Li"
145,Trees and Shrubs,Cassinia,B,laevis,curry bush,2-4,1-2,350,"Sa, Lo, Cl",ANC,R,W,S,"TS_Sa,TS_Lo,TS_Cl"
146,Trees and Shrubs,Casuarina,B,cunninghamiana,river oak,10-15,6-10,550,"Lo, Cl",ANC,R,I,S,"TS_Lo,TS_Cl"
147,Trees and Shrubs,Casuarina,B,obesa,swamp oak,10-15,5-10,350,"Sa,Lo, Cl, Li",ANC,R,I,"W,Sp","TS_Sa,TS_Lo,TS_Cl,TS_Li"
148,Trees and Shrubs,Casuarina,B,pauper syn C.cristata,"black oak, belah",6-15,4-8,200,"Lo, Cl, Li",ANC,R,R,S,"TS_Lo,TS_Cl,TS_Li"
149,Trees and Shrubs,Chamelaucium,G,axillare,Esperance wax,2,2,450,"Sa, Lo, Cl",AN,M,W,"W,Sp","TS_Sa,TS_Lo,TS_Cl"
150,Trees and Shrubs,Chamelaucium,G,‘Early Light Pink’,cultivar of C.uncinatum,2-3,2-3,350,"Sa, Lo, Cl",ANC,M,Pk,"Sp,S","TS_Sa,TS_Lo,TS_Cl"
151,Trees and Shrubs,Chamelaucium,G,uncinatum alba,Geraldton wax,2-3,2-3,350,"Sa, Lo, Cl",ANC,M,W,"Sp,S","TS_Sa,TS_Lo,TS_Cl"
152,Trees and Shrubs,Cheiranthera,G,alternifolia ,finger flower,0.3,0.3,450,"Sa, Lo, Cl",AN,M,B,Sp,"TS_Sa,TS_Lo,TS_Cl"
153,Trees and Shrubs,Chorizema,B,cordatum,heart-leafed flame pea,0.5-1,0.5-1,550,"Sa, Lo, Cl",AN,M,"O,R,Y","W,Sp","TS_Sa,TS_Lo,TS_Cl"
154,Trees and Shrubs,Chrysocephalum  syn. Helichrysum,G,apiculatum Upright Form,common everlasting,0.5,0.2-0.5,400,"Sa, Lo, Cl",ANC,R,Y,"Sp,S","TS_Sa,TS_Lo,TS_Cl"
155,Trees and Shrubs,Correa,G,alba var. alba,white correa,2-2.5,2-2.5,400,"Sa,Lo,Cl,Li",ANC,M,W,"S,A","TS_Sa,TS_Lo,TS_Cl,TS_Li"
156,Trees and Shrubs,Correa,G,backhouseana ,velvet correa,1-2,2-3,500,"Sa,Lo,Cl",ANC,M,"G,Cr","A,W,Sp","TS_Sa,TS_Lo,TS_Cl"
157,Trees and Shrubs,Correa,G,baeuerlenii,chef’s cap correa,1-1.5,1-1.5,600,"Lo, Cl",AN,M,Cr/G,W,"TS_Lo,TS_Cl"
158,Trees and Shrubs,Correa,G,calycina var. calycina,SA green correa,1.5,1.5,400,"Sa,Lo,Cl",ANC,R,G,W,"TS_Sa,TS_Lo,TS_Cl"
159,Trees and Shrubs,Correa,G,‘Fat Fred’,cultivar of C.reflexa,0.5-1,1,500,"Sa, Lo, Cl",ANC,M,R&Y,"A,W,Sp","TS_Sa,TS_Lo,TS_Cl"
160,Trees and Shrubs,Correa,G,glabra var. turnbullii,rock correa,1-1.5,1-1.5,400,"Sa,Lo,Cl,Li",ANC,R,G/R,"A,W","TS_Sa,TS_Lo,TS_Cl,TS_Li"
161,Trees and Shrubs,Correa,G,‘Mannii’,Syn. ‘Big Red’,1-2,1-2,500,"Sa, Lo, Cl",ANC,R,R,"W,Sp","TS_Sa,TS_Lo,TS_Cl"
162,Trees and Shrubs,Correa,G,‘Marian’s Marvel’,C.reflexa x backhouseana,1-2,1.5-3,400,"Sa,Lo,Cl,Li",ANC,R,Pk/Cr,F,"TS_Sa,TS_Lo,TS_Cl,TS_Li"
163,Trees and Shrubs,Correa,G,‘Pink Mist’,cultivar of C.pulchella,1,1-2,400,"Sa,Lo,Cl,Li",ANC,M,Pk,"Sp,S","TS_Sa,TS_Lo,TS_Cl,TS_Li"
164,Trees and Shrubs,Correa,G,‘Redex’,C.reflexa x decumbens,1,1,400,"Sa,Lo,Cl,Li",ANC,R,R&Y,"A,W,Sp","TS_Sa,TS_Lo,TS_Cl,TS_Li"
165,Trees and Shrubs,Correa,G,reflexa var. scabridula,native fuchsia,0.5-1,1,400,"Sa,Lo,Cl,Li",ANC,R,"R&Y,Y","W,Sp","TS_Sa,TS_Lo,TS_Cl,TS_Li"
166,Trees and Shrubs,Corymbia  formerly Eucalyptus,B,calophylla,marri,13-25,10-13,500,"Sa,Lo,Cl",AN,M,"Cr,Pk","S,A","TS_Sa,TS_Lo,TS_Cl"
167,Trees and Shrubs,Corymbia  formerly Eucalyptus,B,citriodora ,lemon-scented gum,15-35,10-20,450,"Lo, Cl",ANC,S,Cr,"W,Sp","TS_Lo,TS_Cl"
168,Trees and Shrubs,Corymbia  formerly Eucalyptus,B,eximia,yellow bloodwood,8-15,6-12,500,"Sa,Lo,Cl",AN,M,Cr,"W,Sp","TS_Sa,TS_Lo,TS_Cl"
169,Trees and Shrubs,Corymbia  formerly Eucalyptus,B,ficifolia ,WA red-flowering gum,6-10,6-8,550,"Sa, Lo, Cl",ANC,S/M,"R,O,Pk",S,"TS_Sa,TS_Lo,TS_Cl"
170,Trees and Shrubs,Corymbia  formerly Eucalyptus,B,maculata ,spotted gum,10-40,8-20,500,"Lo, Cl",ANC,S/M,Cr,"S,W,Sp","TS_Lo,TS_Cl"
171,Trees and Shrubs,Crowea ,G,exalata,wax flower,0.5-1,0.5-1.5,600,"Sa, Lo, Cl",AN,M,Pk,"S,A","TS_Sa,TS_Lo,TS_Cl"
172,Trees and Shrubs,Crowea ,G,‘Festival’,cultivar of C.exalata,1-1.5,1-1.5,600,"Sa, Lo, Cl",AN,M,Pk,"S,A","TS_Sa,TS_Lo,TS_Cl"
173,Trees and Shrubs,Crowea ,G,‘White Star’,white crowea,0.5-1,0.5-1,500,"Sa,Lo,Cl",AN,M,W,"S,A","TS_Sa,TS_Lo,TS_Cl"
174,Trees and Shrubs,Cullen,B,australasicum,native scurf-pea,0.5-2.5,1-2,400,"Sa,Lo,Cl",ANC,M,Pk,Sp,"TS_Sa,TS_Lo,TS_Cl"
175,Trees and Shrubs,Darwinia,G,leiostyla ,mountain bell,0.5-1,0.5-1,500,"Sa,Lo",ANC,M,Pk,Sp,"TS_Sa,TS_Lo"
176,Trees and Shrubs,Daviesia ,B,brevifolia,leafless bitter-pea,0.6-1.5,0.5-1,400,"Sa,Lo",ANC,R,O/R,Sp,"TS_Sa,TS_Lo"
177,Trees and Shrubs,Daviesia ,B,leptophylla,blunt leaf bitter-pea,1-2.5,1-2,500,"Sa, Lo, Cl",AN,M,Y/R,Sp,"TS_Sa,TS_Lo,TS_Cl"
178,Trees and Shrubs,Daviesia ,B,ulicifolia ssp ulicifolia,gorse bitter-pea,1-2,1-2,450,"Sa, Lo Cl",ANC,R,O/Y,Sp,"TS_Sa,TS_Lo,TS_Cl"
179,Trees and Shrubs,Dillwynia,G,hispida,red parrot-pea,0.2-0.6,0.3-1,450,"Sa, Lo, Cl",ANC,M,O/R,Sp,"TS_Sa,TS_Lo,TS_Cl"
180,Trees and Shrubs,Dodonaea,B,bursariifolia,low hop bush,0.5-1.5,0.7-1.5,400,"Sa,Lo,Li",ANC,R,I,"Sp,S","TS_Sa,TS_Lo,TS_Li"
181,Trees and Shrubs,Dodonaea,B,hexandra,horned hop bush,0.5,0.5-1.5,350,"Sa, Lo, Cl",ANC,R,I,"W,Sp","TS_Sa,TS_Lo,TS_Cl"
182,Trees and Shrubs,Dodonaea,B,humilis,dwarf hop bush,0.2-1,1,350,"Sa, Lo, Li",ANC,M,I,"S,A","TS_Sa,TS_Lo,TS_Li"
183,Trees and Shrubs,Dodonaea,B,lobulata,lobed-leaf hop bush,1-3,1-2,350,"Sa, Lo, Cl",ANC,M,I,"W,Sp","TS_Sa,TS_Lo,TS_Cl"
184,Trees and Shrubs,Dodonaea,B,microzyga,brilliant hop bush,0.5-1.5,0.8-2,300,"Sa,Lo,Li",ANC,R,I,"W,Sp","TS_Sa,TS_Lo,TS_Li"
185,Trees and Shrubs,Dodonaea,B,stenozyga,desert hop bush,0.5-1,1-3,300,"Sa, Li, Cl,Li",ANC,R,I,"Sp,S","TS_Sa,TS_Li,TS_Cl,TS_Li"
186,Trees and Shrubs,Dodonaea,B,viscosa ssp angustissima ,narrow-leaved hop bush,2-4,2-4,300,"Sa Lo,Cl,Li",ANC,R,I,"Sp,S,A","TS_Sa,TS_Lo,TS_Cl,TS_Li"
187,Trees and Shrubs,Dodonaea,B,viscosa ssp spatulata,sticky hop bush,1.5-4,1.5-3,300,"Sa, Lo,Cl",ANC,R,I,"Sp,S","TS_Sa,TS_Lo,TS_Cl"
188,Trees and Shrubs,Enchylaena,B,tomentosa,ruby saltbush,0.3-1,0.5-1.5,300,"Sa,Lo,Cl,Li",ANC,R,I,F,"TS_Sa,TS_Lo,TS_Cl,TS_Li"
189,Trees and Shrubs,Eremophila,G,alternifolia ,native honeysuckle,2-3,2-3,300,"Sa,Lo,Cl,Li",ANC,M,"Pk,R,Y","W,Sp","TS_Sa,TS_Lo,TS_Cl,TS_Li"
190,Trees and Shrubs,Eremophila,G,‘Apricot Delight’,cultivar of E.maculata ,1.5-2,1-2,300,"Sa, Lo, Cl",ANC,R,O,"A,W,Sp","TS_Sa,TS_Lo,TS_Cl"
191,Trees and Shrubs,Eremophila,G,‘Bev Rice’,cultivar of E.glabra,0.2-0.4,0.4-1,350,"Sa, Lo, Cl",ANC,M,G,"Sp,S","TS_Sa,TS_Lo,TS_Cl"
192,Trees and Shrubs,Eremophila,G,‘Big Poly’,bignoniiflora x polyclada,2-3,2-3,350,"Lo, Cl, Li",ANC,M,Pu/W,"Sp,S","TS_Lo,TS_Cl,TS_Li"
193,Trees and Shrubs,Eremophila,G,bignoniiflora,creek wilga,3-4,3-4,350,"Lo, Cl, Li",ANC,R,Cr,"Sp,S","TS_Lo,TS_Cl,TS_Li"
194,Trees and Shrubs,Eremophila,G,brevifolia,spotted eremophila,1-1.5,1-1.5,350,"Lo, Cl, Li",ANC,R,W,F,"TS_Lo,TS_Cl,TS_Li"
195,Trees and Shrubs,Eremophila,G,calorhabdos,spiked eremophila,1.5-3,0.5-2,400,"Lo, Cl, Li",ANC,M,Pk,"Sp,S","TS_Lo,TS_Cl,TS_Li"
196,Trees and Shrubs,Eremophila,G,crassifolia,trim emu bush,1,1,350,"Sa,Lo,Cl,Li",ANC,R,B,"Sp,S","TS_Sa,TS_Lo,TS_Cl,TS_Li"
197,Trees and Shrubs,Eremophila,G,decipiens,slender fuchsia,0.3-1,1-2,400,"Sa,Lo,Cl,Li",ANC,R,R,"Sp,S","TS_Sa,TS_Lo,TS_Cl,TS_Li"
198,Trees and Shrubs,Eremophila,G,dichroantha,bale-hook eremophila,1-2,1-2,450,"Sa, Lo",ANC,M,"B,Pu","Sp,S","TS_Sa,TS_Lo"
199,Trees and Shrubs,Eremophila,G,divaricata ssp divaricata,spreading emu bush,1-2,1-3,350,"Sa,Lo,Cl,Li",ANC,M,Pu,"Sp,S","TS_Sa,TS_Lo,TS_Cl,TS_Li"
200,Trees and Shrubs,Eremophila,G,‘Eyre Princess’,nivea x drummondii,1-2,0.5-1,350,"Sa,Lo,Cl,Li",ANC,R,Pu,"A,W,Sp","TS_Sa,TS_Lo,TS_Cl,TS_Li"
201,Trees and Shrubs,Eremophila,G,‘Fairy Floss’,maculata x racemosa,1.5-2.2,1.5-2,350,"Sa,Lo,Cl",ANC,R,Pk,"Sp,S","TS_Sa,TS_Lo,TS_Cl"
202,Trees and Shrubs,Eremophila,G,freelingii,rock fuchsia,0.5-2,0.5-2.5,200,"Lo,Cl,Li",ANC,M,"W,Pu","W,Sp","TS_Lo,TS_Cl,TS_Li"
203,Trees and Shrubs,Eremophila,G,glabra (see forms below),tar bush,1,1-2,350,"Lo, Cl, Li",ANC,R,O,F,"TS_Lo,TS_Cl,TS_Li"
204,Trees and Shrubs,Eremophila,G,‘Goondiwindi’,cultivar of E.maculata,1-2,1-2,400,"Lo, Cl, Li",ANC,M,R,"W,Sp","TS_Lo,TS_Cl,TS_Li"
205,Trees and Shrubs,Eremophila,G,hillii,Hill’s emu bush,0.5-0.8,0.5-2,150,"Sa,Lo,Cl",ANC,R,"R,O,Pk",Sp,"TS_Sa,TS_Lo,TS_Cl"
206,Trees and Shrubs,Eremophila,G,ionantha,violet flowered eremophila,1-2,1-2,400,"Sa,Lo,Cl,Li",ANC,M,B,"Sp,S","TS_Sa,TS_Lo,TS_Cl,TS_Li"
207,Trees and Shrubs,Eremophila,G,longifolia,berrigan,2-6,1.5-4,300,"Lo, Cl",ANC,M,"Pk,Br","W,Sp,S","TS_Lo,TS_Cl"
208,Trees and Shrubs,Eremophila,G,maculata (see forms below),spotted emu bush,1-2,2-3,350,"Sa,Lo,Cl,Li",ANC,M,R,"W,Sp","TS_Sa,TS_Lo,TS_Cl,TS_Li"
209,Trees and Shrubs,Eremophila,G,maculata ssp brevifolia,lipstick eremophila,0.5-1,1,350,"Sa,Lo,Cl,Li",ANC,M,Pk/R,"Sp,S","TS_Sa,TS_Lo,TS_Cl,TS_Li"
210,Trees and Shrubs,Eremophila,G,microtheca,heath-like eremophila,0.3-1,0.5-1,400,"Sa, Lo, Cl",ANC,S,Pu,Sp,"TS_Sa,TS_Lo,TS_Cl"
211,Trees and Shrubs,Eremophila,G,nivea,silky eremophila,0.5-2,0.3-1.5,450,"Sa,Lo,Cl,Li",ANC,M,Pu,"Sp,S","TS_Sa,TS_Lo,TS_Cl,TS_Li"
212,Trees and Shrubs,Eremophila,G,oppositifolia,twin-leaf emu bush,1.5-4,1-3,300,"Sa,Lo,Cl,Li",ANC,R,"Cr,Pk","W,Sp,S","TS_Sa,TS_Lo,TS_Cl,TS_Li"
213,Trees and Shrubs,Eremophila,G,pantonii,broombush,1-4,0.6-2,250,"Sa,Lo,Cl,Li",ANC,M,Pu,"W,Sp","TS_Sa,TS_Lo,TS_Cl,TS_Li"
214,Trees and Shrubs,Eremophila,G,‘Peaches & Cream’,cultivar of E.racemosa ,1-1.5,1-1.5,350,"Lo, Cl, Li",ANC,M,"W,Y","Sp,S","TS_Lo,TS_Cl,TS_Li"
215,Trees and Shrubs,Eremophila,G,polyclada,flowering lignum,2-4,2-4,400,"Sa,Lo,Cl,Li",ANC,M,W,"Sp,S","TS_Sa,TS_Lo,TS_Cl,TS_Li"
216,Trees and Shrubs,Eremophila,G,‘Red Splendour’,splendens x calorhabdos,1.5,1.5,350,"Sa,Lo,Cl",ANC,R,Pk,"Sp,S","TS_Sa,TS_Lo,TS_Cl"
217,Trees and Shrubs,Eremophila,G,scoparia,broom emu bush,1-3,1-1.5,250,"Sa,Lo,Cl,Li",ANC,R,Pu,"W,Sp","TS_Sa,TS_Lo,TS_Cl,TS_Li"
218,Trees and Shrubs,Eremophila,G,‘Summertime Blue’, polyclada x divaricata,1.5-2,1.5-2,400,"Sa,Lo,Cl,Li",ANC,M,Pu,"Sp,S","TS_Sa,TS_Lo,TS_Cl,TS_Li"
219,Trees and Shrubs,Eremophila,G,‘Wild Berry’,maculata x alternifolia,1,1.5,400,"Sa,Lo,Cl",ANC,R,"Pk,P",Sp,"TS_Sa,TS_Lo,TS_Cl"
220,Trees and Shrubs,Eucalyptus ,B,albens,white box,15-25,10-15,450,"Sa,Lo,Cl",ANC,R,W,"S,W","TS_Sa,TS_Lo,TS_Cl"
221,Trees and Shrubs,Eucalyptus ,B,albopurpurea,Port Lincoln mallee,4-12,4-8,450,"Sa,Lo,Cl,Li",ANC,M,"Pu/Pk,W","A,W,Sp","TS_Sa,TS_Lo,TS_Cl,TS_Li"
222,Trees and Shrubs,Eucalyptus ,B,arenacea ,sand stringybark,4-8,4-8,450,"Sa,Lo",ANC,R,W,"S,A","TS_Sa,TS_Lo"
223,Trees and Shrubs,Eucalyptus ,B,astringens ssp astringens,brown mallet,8-15,6-8,400,"Lo, Cl",ANC,M,Cr,"Sp,S","TS_Lo,TS_Cl"
224,Trees and Shrubs,Eucalyptus ,B,baxteri,brown stringybark,6-25,6-15,650,"Sa,Lo,Cl",AN,R,W,"S,A","TS_Sa,TS_Lo,TS_Cl"
225,Trees and Shrubs,Eucalyptus ,B,botryoides,bangalay,10-30,10-15,600,"Sa,Lo, Cl",ANC,S/M,W,"S,A","TS_Sa,TS_Lo,TS_Cl"
226,Trees and Shrubs,Eucalyptus ,B,brachycalyx,gilja,4-7,3-10,400,"Sa, Lo, Cl",ANC,M,W,Sp,"TS_Sa,TS_Lo,TS_Cl"
227,Trees and Shrubs,Eucalyptus ,B,brockwayi,Dundas mahogany,10-15,8-10,250,"Sa, Lo, Cl",ANC,M,Cr,A,"TS_Sa,TS_Lo,TS_Cl"
228,Trees and Shrubs,Eucalyptus ,B,caesia ssp caesia,"gungurru, caesia",4-7,3-5,300,"Sa, Lo, Cl",ANC,R,Pk,"A,W,Sp","TS_Sa,TS_Lo,TS_Cl"
229,Trees and Shrubs,Eucalyptus ,B,caesia ssp magna,Silver Princess,4-6,3-4,400,"Sa,Lo,Cl",ANC,M,R/Pk,"A,W,Sp","TS_Sa,TS_Lo,TS_Cl"
230,Trees and Shrubs,Eucalyptus ,B,calcareana,Nundroo mallee,4-15,4-15,300,"Sa,Cl,Lo,Li",ANC,R,Cr,"W,Sp","TS_Sa,TS_Cl,TS_Lo,TS_Li"
231,Trees and Shrubs,Eucalyptus ,B,caleyi ssp caleyi,Caley’s ironbark,12-20,8-12,500,"Sa,Lo,Cl",ANC,R,W,A,"TS_Sa,TS_Lo,TS_Cl"
232,Trees and Shrubs,Eucalyptus ,B,calycogona,square-fruited mallee,3-10,3-8,300,"Sa, Lo, Li",ANC,R,"Cr,Pk","Sp,S","TS_Sa,TS_Lo,TS_Li"
233,Trees and Shrubs,Eucalyptus ,B,campaspe,silver gimlet,5-8,4-7,250,"Lo,Cl,Li",ANC,M,Cr,"Sp,S","TS_Lo,TS_Cl,TS_Li"
234,Trees and Shrubs,Eucalyptus ,B,cinerea,argyle apple,7-15,5-8,600,"Lo, Cl",ANC,R,W,"S,A","TS_Lo,TS_Cl"
235,Trees and Shrubs,Eucalyptus ,B,cernua,red-flowered moort,2-3,2-4,400,"Sa, Lo, Cl",ANC,M,R,Sp,"TS_Sa,TS_Lo,TS_Cl"
236,Trees and Shrubs,Eucalyptus ,B,cladocalyx,sugar gum,15-40,12-20,450,"Lo, Cl, Li",ANC,M,Cr,S,"TS_Lo,TS_Cl,TS_Li"
237,Trees and Shrubs,Eucalyptus ,B,cladocalyx ‘Nana’,bushy sugar gum,6-12,5-10,400,"Lo, Cl, Li",ANC,M,Cr,S,"TS_Lo,TS_Cl,TS_Li"
238,Trees and Shrubs,Eucalyptus ,B,clelandii,Cleland’s blackbutt,6-12,6-8,250,"Sa, Lo,Cl",ANC,M,Cr,F,"TS_Sa,TS_Lo,TS_Cl"
239,Trees and Shrubs,Eucalyptus ,B,cneorifolia,K.I. narrow-leaved mallee,7-12,7-10,500,"Lo, Cl, Li",ANC,M,Cr,"S,A","TS_Lo,TS_Cl,TS_Li"
240,Trees and Shrubs,Eucalyptus ,B,conferruminata ,bushy yate,4-10,4-8,500,"Sa, Lo, Cl",ANC,S/M,G/Y,"W,Sp","TS_Sa,TS_Lo,TS_Cl"
241,Trees and Shrubs,Eucalyptus ,B,coolabah ,coolabah,10-15,8-12,250,"Lo, Cl",ANC,R,W,"S,A,W","TS_Lo,TS_Cl"
242,Trees and Shrubs,Eucalyptus ,B,cordata ,heart-leaved silver gum,5-20,5-10,600,"Sa, Lo, Cl",ANC,R,W,Sp,"TS_Sa,TS_Lo,TS_Cl"
243,Trees and Shrubs,Eucalyptus ,B,cornuta,yate ,8-20,8-12,500,"Sa, Lo, Li",ANC,M,Y,"W,S","TS_Sa,TS_Lo,TS_Li"
244,Trees and Shrubs,Eucalyptus ,B,cosmophylla,cup gum,3-8,5-10,650,"Sa, Lo, Cl",AN,R,Cr,"A,W","TS_Sa,TS_Lo,TS_Cl"
245,Trees and Shrubs,Eucalyptus ,B,crenulata,Victorian silver gum,4-12,3-10,600,"Sa, Lo, Cl",ANC,R,W,S,"TS_Sa,TS_Lo,TS_Cl"
246,Trees and Shrubs,Eucalyptus ,B,crucis ssp crucis,silver mallee,3-7,3-6,350,"Sa, Lo",ANC,M,"Y,Cr",S,"TS_Sa,TS_Lo"
247,Trees and Shrubs,Eucalyptus ,B,cyanophylla,blue-leaved mallee,2-6,3-8,250,"Sa,Lo,Li",ANC,M,Cr,Sp,"TS_Sa,TS_Lo,TS_Li"
248,Trees and Shrubs,Eucalyptus ,B,dalrympleana ssp dalrympleana,candlebark gum,15-35,10-30,750,"Lo, Cl",AN,R,W,"Sp,S","TS_Lo,TS_Cl"
249,Trees and Shrubs,Eucalyptus ,B,dielsii,cap-fruited mallet,4-10,4-7,250,"Sa,Lo,Cl",ANC,R,Y,S,"TS_Sa,TS_Lo,TS_Cl"
250,Trees and Shrubs,Eucalyptus ,B,diversicolor,karri,20-40,8-15,700,"Sa,Lo,Cl",AN,M,W,"Sp,S","TS_Sa,TS_Lo,TS_Cl"
251,Trees and Shrubs,Eucalyptus ,B,diversifolia ssp diversifolia,SA coastal white mallee,2-10,2-8,350,"Sa, Lo, Li",ANC,M,Cr,"W,Sp","TS_Sa,TS_Lo,TS_Li"
252,Trees and Shrubs,Eucalyptus ,B,dolichorhyncha,fuchsia gum,3-8,3-5,350,"Sa, Lo, Cl",ANC,M,Y,"S,A","TS_Sa,TS_Lo,TS_Cl"
253,Trees and Shrubs,Eucalyptus ,B,dumosa,white mallee,4-8,4-5,300,"Lo, Cl, Li",ANC,R,Cr,"W,Sp,S","TS_Lo,TS_Cl,TS_Li"
254,Trees and Shrubs,Eucalyptus ,B,dundasii,Dundas blackbutt,7-15,4-7,250,"Sa, Lo, Cl",ANC,R,W,"S,A","TS_Sa,TS_Lo,TS_Cl"
255,Trees and Shrubs,Eucalyptus ,B,eremophila,tall sand mallee,3-8,3-6,200,"Sa, Lo",ANC,R,Y,"W,Sp","TS_Sa,TS_Lo"
256,Trees and Shrubs,Eucalyptus ,B,erythrocorys,red-capped gum,6-8,4-5,450,"Sa,Lo,Cl,Li",ANC,S/M,R/Y,"A,W","TS_Sa,TS_Lo,TS_Cl,TS_Li"
257,Trees and Shrubs,Eucalyptus ,B,erythronema var erythronema,red flowered mallee,4-9,3-4,300,"Sa, Lo, Cl",ANC,M,"R,Ce","Sp,S","TS_Sa,TS_Lo,TS_Cl"
258,Trees and Shrubs,Eucalyptus ,B,fasciculosa,pink gum,5-18,5-12,450,"Sa, Lo, Cl",ANC,M,Cr,"S,A","TS_Sa,TS_Lo,TS_Cl"
259,Trees and Shrubs,Eucalyptus ,B,flocktoniae,merrit,4-15,4-12,250,"Sa, Lo, Li",ANC,R,Cr/Y,"W,Sp","TS_Sa,TS_Lo,TS_Li"
260,Trees and Shrubs,Eucalyptus ,B,formanii,die hardy mallee,4-10,4-8,250,"Sa, Lo, Cl",ANC,M,W,"S,A","TS_Sa,TS_Lo,TS_Cl"
261,Trees and Shrubs,Eucalyptus ,B,gardneri,blue mallet,6-14,4-6,400,"Sa, Lo, Cl",ANC,R,Y,"A,W","TS_Sa,TS_Lo,TS_Cl"
262,Trees and Shrubs,Eucalyptus ,B,gillii,Arkaroola mallee,3-5,3-4,250,"Sa, Lo, Li",ANC,R,Cr/Y,"W,Sp","TS_Sa,TS_Lo,TS_Li"
263,Trees and Shrubs,Eucalyptus ,B,globulus,Tasmanian blue gum,15-50,10-20,700,"Sa, Lo, Cl",ANC,R,W,"W,Sp","TS_Sa,TS_Lo,TS_Cl"
264,Trees and Shrubs,Eucalyptus ,B,globulus ‘Compacta’,bushy Tas.blue gum,10-15,6-12,700,"Sa,Lo,Cl",ANC,M,W,"W,Sp","TS_Sa,TS_Lo,TS_Cl"
265,Trees and Shrubs,Eucalyptus ,B,gomphocephala,tuart,10-20,7-15,600,"Sa,Lo,Cl,Li",ANC,M,W,"S,A,W","TS_Sa,TS_Lo,TS_Cl,TS_Li"
266,Trees and Shrubs,Eucalyptus ,B,goniocalyx ssp. goniocalyx,long-leaved box,8-20,6-15,500,"Sa, Lo, Cl",ANC,M,W,S,"TS_Sa,TS_Lo,TS_Cl"
267,Trees and Shrubs,Eucalyptus ,B,gracilis ,yorrell,3-9,3-8,200,"Sa, Lo, Li",ANC,M,W,"A,W,Sp","TS_Sa,TS_Lo,TS_Li"
268,Trees and Shrubs,Eucalyptus ,B,grandis,flooded gum,20-40,15-20,700,"Lo, Cl",AN,M,W,"W,Sp","TS_Lo,TS_Cl"
269,Trees and Shrubs,Eucalyptus ,B,grossa,coarse-leaved mallee,2-5,2-6,350,"Sa, Lo,Cl",ANC,R,Y,"Sp,S","TS_Sa,TS_Lo,TS_Cl"
270,Trees and Shrubs,Eucalyptus ,B,gunnii,cider gum,10-20,6-10,650,"Lo, Cl",AN,R,W,S,"TS_Lo,TS_Cl"
271,Trees and Shrubs,Eucalyptus ,B,incrassata,ridge-fruited mallee,3-7,3-6,350,"Sa, Lo",ANC,M,Cr,"Sp,S","TS_Sa,TS_Lo"
272,Trees and Shrubs,Eucalyptus ,B,intertexta,gum-barked coolabah,8-15,6-12,350,"Lo, Cl, Li",ANC,R,W,"A,W","TS_Lo,TS_Cl,TS_Li"
273,Trees and Shrubs,Eucalyptus ,B,kingsmillii ssp kingsmillii,Kingsmill mallee,4-8,3-6,300,"Sa, Lo",ANC,R,"Y,Cr","W,Sp","TS_Sa,TS_Lo"
274,Trees and Shrubs,Eucalyptus ,B,kondininensis,Kondinin blackbutt,8-15,5-10,350,"Lo, Cl",ANC,R,Cr,S,"TS_Lo,TS_Cl"
275,Trees and Shrubs,Eucalyptus ,B,kruseana,book-leaf mallee,2-6,3-6,250,"Sa, Cl/Lo",ANC,M,Y,"A,W","TS_Sa,TS_Cl,TS_Lo"
276,Trees and Shrubs,Eucalyptus ,B,lansdowneana ,crimson mallee,4-6,4-6,350,"Sa,Lo,Cl,Li",ANC,R,R,"W,Sp","TS_Sa,TS_Lo,TS_Cl,TS_Li"
277,Trees and Shrubs,Eucalyptus ,B,largiflorens,river box,6-20,6-15,350,"Lo,Cl",ANC,R,W,"Sp,S","TS_Lo,TS_Cl"
278,Trees and Shrubs,Eucalyptus ,B,leptophylla,narrow-leaved red mallee,2-6,3-8,200,"Sa,Lo,Li",ANC,R,W,"A,W,Sp","TS_Sa,TS_Lo,TS_Li"
279,Trees and Shrubs,Eucalyptus ,B,lesouefii,goldfield’s blackbutt,10-12,8-10,250,"Sa, Lo, Cl",ANC,M,Cr,"Sp,S","TS_Sa,TS_Lo,TS_Cl"
280,Trees and Shrubs,Eucalyptus ,B,leucoxylon ssp leucoxylon,S.A. blue gum,8-30,8-25,500,"Sa,Lo, Cl",ANC,R,"Cr,Pk,R","A,W","TS_Sa,TS_Lo,TS_Cl"
281,Trees and Shrubs,Eucalyptus ,B,leucoxylon ssp megalocarpa,large-fruited SA.blue gum,6-12,6-10,400,"Sa,Lo,Cl,Li",ANC,R,"R,Pk,Cr","A,W,Sp","TS_Sa,TS_Lo,TS_Cl,TS_Li"
282,Trees and Shrubs,Eucalyptus ,B,leucoxylon ssp pruinosa,inland blue gum,6-20,3-12,400,"Sa,Lo, Cl",ANC,M,W,S,"TS_Sa,TS_Lo,TS_Cl"
283,Trees and Shrubs,Eucalyptus ,B,leucoxylon ‘Rosea’,pink-flowered blue gum,8-20,8-18,500,"Lo, Cl",ANC,R,"R,Pk","A,W,Sp","TS_Lo,TS_Cl"
284,Trees and Shrubs,Eucalyptus ,B,leucoxylon ssp stephaniae,scrubby blue gum,4-15,2-10,450,"Sa,Lo,Cl,Li",ANC,R,"Pk,Cr","A,W,Sp","TS_Sa,TS_Lo,TS_Cl,TS_Li"
285,Trees and Shrubs,Eucalyptus ,B,macrandra,long-flowered marlock,3-7,3-6,500,"Sa, Lo,Cl",ANC,M,Y,"S,A","TS_Sa,TS_Lo,TS_Cl"
286,Trees and Shrubs,Eucalyptus ,B,macrocarpa ssp macrocarpa,rose of the west,2-4,4-6,400,"Sa, Lo",ANC,M,R,"Sp,S","TS_Sa,TS_Lo"
287,Trees and Shrubs,Eucalyptus ,B,megacornuta,warty yate,7-15,7-10,400,"Sa, Lo, Cl",ANC,M,G,"W,Sp,S","TS_Sa,TS_Lo,TS_Cl"
288,Trees and Shrubs,Eucalyptus ,B,melanophloia,silver-leaved ironbark,8-15,7-9,350,"Lo, Cl, Li",ANC,M,W,"Sp,S","TS_Lo,TS_Cl,TS_Li"
289,Trees and Shrubs,Eucalyptus ,B,melliodora,yellow box,20-35,20-30,400,"Lo, Cl",ANC,M,Cr,"Sp,S,A","TS_Lo,TS_Cl"
290,Trees and Shrubs,Eucalyptus ,B,microcarpa,grey box,6-20,8-20,500,"Lo, Cl, Li",ANC,R,Cr,"S,W","TS_Lo,TS_Cl,TS_Li"
291,Trees and Shrubs,Eucalyptus ,B,microcorys,tallow wood,15-30,8-20,600,"Sa, Cl, Lo",ANC,M,W,"Sp,S","TS_Sa,TS_Cl,TS_Lo"
292,Trees and Shrubs,Eucalyptus ,B,nicholii,willow peppermint,8-18,6-10,650,"Sa,Lo, Cl",ANC,R,W,A,"TS_Sa,TS_Lo,TS_Cl"
293,Trees and Shrubs,Eucalyptus ,B,obliqua,messmate stringybark,15-40,12-25,800,"Lo, Cl",AN,M,W,S,"TS_Lo,TS_Cl"
294,Trees and Shrubs,Eucalyptus ,B,occidentalis,flat-topped yate,10-20,8-16,450,"Sa,Cl,Lo",ANC,R,"Cr,Y","A,W","TS_Sa,TS_Cl,TS_Lo"
295,Trees and Shrubs,Eucalyptus ,B,odorata,peppermint box,7-15,6-12,350,"Sa, Lo, Cl",ANC,R,Cr,F,"TS_Sa,TS_Lo,TS_Cl"
296,Trees and Shrubs,Eucalyptus ,B,oleosa ssp oleosa,red mallee,3-12,3-12,300,"Sa, Lo, Li",ANC,R,W,"W,Sp","TS_Sa,TS_Lo,TS_Li"
297,Trees and Shrubs,Eucalyptus ,B,orbifolia,round-leaved mallee,3-6,3-8,300,Sa.Lo,AN,M,"Cr,Y","W,Sp","TS_Sa,TS_Lo"
298,Trees and Shrubs,Eucalyptus ,B,ovata var. ovata,swamp gum,6-20,5-15,650,"Sa, Lo, Cl",ANC,R,W,"A,W","TS_Sa,TS_Lo,TS_Cl"
299,Trees and Shrubs,Eucalyptus ,B,pachyphylla,thick-leaved mallee,1-5,2-5,250,"Sa, Lo",ANC,M,"Cr,Y","A,W","TS_Sa,TS_Lo"
300,Trees and Shrubs,Eucalyptus ,B,perriniana,spinning gum,4-10,4-8,650,"Sa, Lo, Cl",ANC,R,W,S,"TS_Sa,TS_Lo,TS_Cl"
301,Trees and Shrubs,Eucalyptus ,B,petiolaris ,Eyre Peninsula blue gum,8-15,6-12,400,"Sa, Lo, Li",ANC,M,"W,R,Y,O","W,Sp","TS_Sa,TS_Lo,TS_Li"
302,Trees and Shrubs,Eucalyptus ,B,pimpiniana,Pimpin’s mallee,0.5-2,1-4,200,"Lo, Sa",ANC,M,Y,"S,A,W","TS_Lo,TS_Sa"
303,Trees and Shrubs,Eucalyptus ,B,platypus ssp platypus,round-leaved moort,3-8,3-8,400,"Sa,Lo,Cl,Li",ANC,M,Y,"Sp,S","TS_Sa,TS_Lo,TS_Cl,TS_Li"
304,Trees and Shrubs,Eucalyptus ,B,pleurocarpa ,tallerack,2-5,3-6,500,"Sa,Lo,Cl",ANC,S,W,S,"TS_Sa,TS_Lo,TS_Cl"
305,Trees and Shrubs,Eucalyptus ,B,pluricaulis ssp pluricaulis,blue mallee,1.5-5,1.5-3,450,"Sa,Lo,Cl",ANC,R,Y,"Sp,S","TS_Sa,TS_Lo,TS_Cl"
306,Trees and Shrubs,Eucalyptus ,B,polyanthemos,red box,10-25,5-15,500,"Sa,Lo,Cl",AN,R,Cr,"Sp,S","TS_Sa,TS_Lo,TS_Cl"
307,Trees and Shrubs,Eucalyptus ,B,porosa,mallee box,5-14,5-12,300,"Sa,Lo,Cl,Li",ANC,M,W,Sp,"TS_Sa,TS_Lo,TS_Cl,TS_Li"
308,Trees and Shrubs,Eucalyptus ,B,preissiana ssp. preissiana,bell-fruited mallee,2-5,2-5,500,"Sa, Lo, Cl",ANC,M,Y,"W,Sp","TS_Sa,TS_Lo,TS_Cl"
309,Trees and Shrubs,Eucalyptus ,B,pulverulenta,silver-leaved mountain gum,6-8,2-5,600,"Sa, Lo, Cl",ANC,R,W,"Sp,S","TS_Sa,TS_Lo,TS_Cl"
310,Trees and Shrubs,Eucalyptus ,B,pyriformis,pear-fruited mallee,2-5,4-6,300,"Sa, Lo, Li",ANC,M,"Y,R","W,Sp","TS_Sa,TS_Lo,TS_Li"
311,Trees and Shrubs,Eucalyptus ,B,rhodantha,rose mallee,1-3,2-3,400,"Sa,Lo",ANC,R,R,"S,A","TS_Sa,TS_Lo"
312,Trees and Shrubs,Eucalyptus ,B,robusta,swamp mahogany,10-20,8-15,700,"Sa, Lo, Cl",ANC,M,W,W.Sp,"TS_Sa,TS_Lo,TS_Cl"
313,Trees and Shrubs,Eucalyptus ,B,rugosa,Kingscote mallee,4-8,4-5,450,"Sa,Lo,Cl,Li",ANC,M,Cr,S,"TS_Sa,TS_Lo,TS_Cl,TS_Li"
314,Trees and Shrubs,Eucalyptus ,B,saligna,Sydney blue gum,20-40,10-25,750,"Sa,Lo, Cl",AN,M,W,S,"TS_Sa,TS_Lo,TS_Cl"
315,Trees and Shrubs,Eucalyptus ,B,salmonophloia,salmon gum,10-25,8-15,250,"Lo, Cl, Li",ANC,R,W,"Sp,S,A","TS_Lo,TS_Cl,TS_Li"
316,Trees and Shrubs,Eucalyptus ,B,salubris,gimlet,10-15,8-12,200,"Lo, Cl, Li",ANC,R,W,"S,A","TS_Lo,TS_Cl,TS_Li"
317,Trees and Shrubs,Eucalyptus ,B,sargentii ssp sargentii,Salt River gum,7-12,6-9,300,"Sa,Lo,Cl,Li",ANC,R,Cr,Sp,"TS_Sa,TS_Lo,TS_Cl,TS_Li"
318,Trees and Shrubs,Eucalyptus ,B,scoparia,Wallangarra white gum,9-16,8-10,600,"Sa,Lo, Cl",ANC,R,W,"S,A,W","TS_Sa,TS_Lo,TS_Cl"
319,Trees and Shrubs,Eucalyptus ,B,sepulcralis,weeping mallee,5-10,3-6,550,"Sa,Lo",ANC,M,Cr,S,"TS_Sa,TS_Lo"
320,Trees and Shrubs,Eucalyptus ,B,sideroxylon ssp. sideroxylon,red ironbark,10-30,8-15,500,"Lo, Cl",ANC,R,"Cr,Pk","A,W","TS_Lo,TS_Cl"
321,Trees and Shrubs,Eucalyptus ,B,sideroxylon ‘Rosea’,red-flowered ironbark,10-20,8-15,500,"Lo, Cl",ANC,R,Pk,"A,W","TS_Lo,TS_Cl"
322,Trees and Shrubs,Eucalyptus ,B,spathulata ssp. spathulata,swamp mallet,6-12,6-10,350,"Sa,Lo,Cl,Li",ANC,R,Cr,"Sp,S","TS_Sa,TS_Lo,TS_Cl,TS_Li"
323,Trees and Shrubs,Eucalyptus ,B,steedmanii,Steedman’s mallet,6-8,5-7,300,"Sa,Lo,Cl,Li",ANC,M,"Cr,Pk",S,"TS_Sa,TS_Lo,TS_Cl,TS_Li"
324,Trees and Shrubs,Eucalyptus ,B,stoatei,scarlet pear gum,4-8,4-6,400,"Sa,Lo,Cl",ANC,M,Y,A,"TS_Sa,TS_Lo,TS_Cl"
325,Trees and Shrubs,Eucalyptus ,B,stricklandii,Strickland’s blackbutt,6-12,5-8,250,"Lo, Cl, Li",ANC,M,Y,S,"TS_Lo,TS_Cl,TS_Li"
326,Trees and Shrubs,Eucalyptus ,B,talyuberlup ,Stirling Range yate,5-8,5-8,500,"Sa,Lo,Cl,Li",ANC,M,"Y,G","W,Sp,S","TS_Sa,TS_Lo,TS_Cl,TS_Li"
327,Trees and Shrubs,Eucalyptus ,B,tereticornis ssp. tereticornis,forest red gum,20-30,10-25,600,"Sa,Lo,Cl",AN,R,W,"W,Sp","TS_Sa,TS_Lo,TS_Cl"
328,Trees and Shrubs,Eucalyptus ,B,tetraptera,four-winged mallee,2-4,3-6,400,"Sa, Lo, Cl",ANC,S,Pk,"Sp,S","TS_Sa,TS_Lo,TS_Cl"
329,Trees and Shrubs,Eucalyptus ,B,torquata,coral gum,6-11,6-10,250,"Lo, Cl, Li",ANC,M,"Pk,Cr",F,"TS_Lo,TS_Cl,TS_Li"
330,Trees and Shrubs,Eucalyptus ,B,‘Torwood’,hybrid coral gum,6-8,4-8,250,"Sa,Lo,Cl,Li",ANC,M,Y/O,"W,Sp,S","TS_Sa,TS_Lo,TS_Cl,TS_Li"
331,Trees and Shrubs,Eucalyptus ,B,viminalis ssp cygnetensis,rough-barked manna gum,6-20,8-20,550,"Sa, Lo, Cl",ANC,M,W,"S,A","TS_Sa,TS_Lo,TS_Cl"
332,Trees and Shrubs,Eucalyptus ,B,viminalis ssp viminalis,manna gum,15-40,12-30,650,"Sa,Lo, Cl",AN,R,W,"Sp,S,A","TS_Sa,TS_Lo,TS_Cl"
333,Trees and Shrubs,Eucalyptus ,B,viridis,green mallee,4-8,3-5,250,"Sa,,Lo,Cl,Li",ANC,M,W,S,"TS_Sa,TS_Lo,TS_Cl,TS_Li"
334,Trees and Shrubs,Eucalyptus ,B,wandoo ssp. wandoo,wandoo,8-30,6-20,400,"Sa,Lo,Cl",ANC,M,Cr,"S,A","TS_Sa,TS_Lo,TS_Cl"
335,Trees and Shrubs,Eucalyptus ,B,websteriana,Webster’s mallee,3-6,3-6,300,"Sa,Lo,Li",ANC,M,"Cr,Y","W,Sp,S","TS_Sa,TS_Lo,TS_Li"
336,Trees and Shrubs,Eucalyptus ,B,woodwardii,lemon-flowered gum,10-15,8-10,200," Lo,Cl,Li",ANC,M,Y,"Sp,S","TS_Lo,TS_Cl,TS_Li"
337,Trees and Shrubs,Eucalyptus ,B,youngiana,Ooldea mallee,2-8,4-6,300,"Sa, Lo",ANC,M,"Y,R","W,Sp","TS_Sa,TS_Lo"
338,Trees and Shrubs,Eutaxia,B,diffusa ,spreading mallee pea,0.5-1,1-1.5,400,"Sa,Lo,Cl",ANC,M,"Y,Br",Sp,"TS_Sa,TS_Lo,TS_Cl"
339,Trees and Shrubs,Eutaxia,B,microphylla ,mallee bush pea,0.5-1,1-1.5,400,"Sa,Lo,Cl",ANC,M,"Y,Br",Sp,"TS_Sa,TS_Lo,TS_Cl"
340,Trees and Shrubs,Eutaxia,G,obovata ,eggs and bacon,1.5,1-2,500,"Sa,Lo,Cl",AN,M,Y/O,Sp,"TS_Sa,TS_Lo,TS_Cl"
341,Trees and Shrubs,Gastrolobium syn. Brachysema,G,celsianum syn B.lanceolatum,Swan River pea,0.5-2,1-3,500,"Sa, Lo, Cl",ANC,M,R,"W,Sp","TS_Sa,TS_Lo,TS_Cl"
342,Trees and Shrubs,Glischrocaryon,G,behrii,golden pennants,0.2-1,0.3-1,300,"Sa,Lo,Cl",ANC,M,Y,"Sp,S","TS_Sa,TS_Lo,TS_Cl"
343,Trees and Shrubs,Goodenia,G,amplexans,clasping goodenia,0.5-1.2,0.5-1,400,"Sa,Lo,Cl",ANC,M,Y,"Sp,S","TS_Sa,TS_Lo,TS_Cl"
344,Trees and Shrubs,Goodenia,G,ovata ,hop goodenia,1-2.5,1-3,450,"Sa, Lo, Cl",ANC,M,Y,"Sp,S","TS_Sa,TS_Lo,TS_Cl"
345,Trees and Shrubs,Goodia,B,medicaginea syn G. lotifolia,golden tip,2-3,2-3,500,"Sa, Lo, Cl",ANC,M,Y,Sp,"TS_Sa,TS_Lo,TS_Cl"
346,Trees and Shrubs,Gossypium,B,sturtianum,Sturt’s desert rose,1-2,1-1.5,250,"Sa, Lo",ANC,S,Pk/Pu,"W,Sp","TS_Sa,TS_Lo"
347,Trees and Shrubs,Grevillea,G,‘Apricot Glow’,cultivar of G.olivacea,1.5-2,1.5-2,400,"Sa,Lo,Cl,Li",ANC,R,O,Sp,"TS_Sa,TS_Lo,TS_Cl,TS_Li"
348,Trees and Shrubs,Grevillea,G,arenaria,sand grevillea,1-3,1-3,450,"Sa,Lo,Li",ANC,M,"G,Y,R",Sp,"TS_Sa,TS_Lo,TS_Li"
349,Trees and Shrubs,Grevillea,G,banksii,red silky oak,2-3,2-4,550,"Sa, Lo",ANC,S,"R,W","W,Sp","TS_Sa,TS_Lo"
350,Trees and Shrubs,Grevillea,G,cagiana,red toothbrushes,2-3,2-4,400,"Sa,Lo,Cl",AN,M,R/G,"W,Sp,S","TS_Sa,TS_Lo,TS_Cl"
351,Trees and Shrubs,Grevillea,G,‘Canberra Gem’,syn. G.‘Pink Pearl’,2-3,2-3,500,"Lo,Cl",ANC,R,Pk,"Sp,S","TS_Lo,TS_Cl"
352,Trees and Shrubs,Grevillea,G,‘Ellendale Dragon’,cultivar of G.fililoba,1-3,2-4,400,"Sa,Lo,Cl",ANC,M,Pk/R,"W,Sp","TS_Sa,TS_Lo,TS_Cl"
353,Trees and Shrubs,Grevillea,G,huegelii,comb grevillea,0.5-2.5,1.5-3,300,"Sa, Lo",ANC,M,Bu/R,Sp,"TS_Sa,TS_Lo"
354,Trees and Shrubs,Grevillea,G,iaspicula,Wee Jasper grevillea,1.2-1.5,1-1.5,500,"Sa,Lo,Cl,Li",ANC,R,Cr/Pk,"W,Sp","TS_Sa,TS_Lo,TS_Cl,TS_Li"
355,Trees and Shrubs,Grevillea,G,ilicifolia ssp ilicifolia,holly grevillea,0.1-2,1-3,400,"Sa, Lo, Cl",ANC,M,"R,G","W,Sp,S","TS_Sa,TS_Lo,TS_Cl"
356,Trees and Shrubs,Grevillea,B,leucopteris,white plume grevillea,2-4,3-6,400,"Sa, Lo, Li",ANC,M,Cr,"Sp,S","TS_Sa,TS_Lo,TS_Li"
357,Trees and Shrubs,Grevillea,G,manglesii ,smooth grevillea,2-3,3-4,400,"Sa, Lo, Cl",ANC,M,W,F,"TS_Sa,TS_Lo,TS_Cl"
358,Trees and Shrubs,Grevillea,G,‘Ned Kelly’,syn G.‘Mason’s Hybrid’,1-2,2-2.5,500,"Sa,Lo,Cl",ANC,M,O/R,F,"TS_Sa,TS_Lo,TS_Cl"
359,Trees and Shrubs,Grevillea,G,pauciflora,Pt Lincoln grevillea,0.2-1.5,0.6-2,400,"Sa,Lo,Li",ANC,R,R/Y,"W,Sp","TS_Sa,TS_Lo,TS_Li"
360,Trees and Shrubs,Grevillea,G,‘Pryor’s hybrid’,syn. G.’Scarlet Sprite’,1-2,1-2,500,"Sa, Lo, Cl",ANC,M,R,"Sp,S","TS_Sa,TS_Lo,TS_Cl"
361,Trees and Shrubs,Grevillea,G,pterosperma,desert grevillea,2-3,2-4,250,"Sa,Lo",ANC,R,Cr,"Sp,S","TS_Sa,TS_Lo"
362,Trees and Shrubs,Grevillea,G,‘Red Hooks’,toothbrush grevillea,2-4,3-5,450,"Sa, Lo, Cl",ANC,M,R,F,"TS_Sa,TS_Lo,TS_Cl"
363,Trees and Shrubs,Grevillea,G,‘Red Wings’,cultivar of G.thelemanniana,1-1.5,1-2.5,500,"Sa,Lo,Cl",ANC,M,R,"W,Sp,S","TS_Sa,TS_Lo,TS_Cl"
364,Trees and Shrubs,Grevillea,B,robusta,silky oak,8-20,7-14,550,"Lo, Cl",ANC,R,O,"Sp,S","TS_Lo,TS_Cl"
365,Trees and Shrubs,Grevillea,G,‘Sea Spray’,cultivar of G.preissii,0.5-1,0.5-1,500,"Sa,Lo,Cl",ANC,M,R,Sp,"TS_Sa,TS_Lo,TS_Cl"
366,Trees and Shrubs,Grevillea,G,sericea Fine Leaf Form,silky grevillea,1-2,1-1.5,500,"Lo, Cl",ANC,M,Pk/Pu,F,"TS_Lo,TS_Cl"
367,Trees and Shrubs,Grevillea,G,striata,beefwood,8-15,3-6,350,"Sa,Lo,Cl",ANC,M,W,"Sp,S,A","TS_Sa,TS_Lo,TS_Cl"
368,Trees and Shrubs,Guichenotia,B,macrantha,large-flowered guichenotia,1-2,1,450,"Sa, Lo, Cl",ANC,M,Pu/Pk,"W,Sp","TS_Sa,TS_Lo,TS_Cl"
369,Trees and Shrubs,Hakea,B,bucculenta,red pokers,2-4,2-3,400,"Sa,Lo",ANC,R,R,W,"TS_Sa,TS_Lo"
370,Trees and Shrubs,Hakea,B,corymbosa,cauliflower hakea,1.5-2,1.2-3,400,"Sa,Lo",ANC,M,"Y,G","W,Sp","TS_Sa,TS_Lo"
371,Trees and Shrubs,Hakea,B,drupacea syn H. suaveolens,sweet hakea,3-4,3-4,500,"Sa, Lo, Li",ANC,S/M,W,"A,W","TS_Sa,TS_Lo,TS_Li"
372,Trees and Shrubs,Hakea,B,francisiana,bottlebrush hakea,2-3,2,300,"Sa, Lo, Li",ANC,M,Pk,Sp,"TS_Sa,TS_Lo,TS_Li"
373,Trees and Shrubs,Hakea,B,laurina,pin cushion hakea,3-5,3-4,450,"Sa, Lo, Cl",ANC,M,R&W,"A,W","TS_Sa,TS_Lo,TS_Cl"
374,Trees and Shrubs,Hakea,B,leucoptera ssp leucoptera ,needle bush,2-5,2-4,350,"Sa, Lo, Li",ANC,M,W,Sp,"TS_Sa,TS_Lo,TS_Li"
375,Trees and Shrubs,Hakea,B,mitchellii syn H. muelleriana,desert hakea,1-4,1-3,350,"Sa,Lo,Cl,Li",ANC,R,W,S,"TS_Sa,TS_Lo,TS_Cl,TS_Li"
376,Trees and Shrubs,Hakea,B,multilineata,grass-leaved hakea,2-4,2-3,400,"Sa, Lo",ANC,M,Pk,"W,Sp","TS_Sa,TS_Lo"
377,Trees and Shrubs,Hakea,B,nodosa,yellow hakea,1-3,2-4,600,"Lo, Cl",ANC,M,Y,"A,W","TS_Lo,TS_Cl"
378,Trees and Shrubs,Hakea,B,orthorrhyncha,bird beak hakea,1.5-3,1.5-3,450,"Sa,Lo,Cl",ANC,R,R,"W,Sp","TS_Sa,TS_Lo,TS_Cl"
379,Trees and Shrubs,Hakea,B,petiolaris,sea urchin hakea,3-5,2-3,450,"Sa, Lo, Cl",ANC,M,Pu&W,"A,W","TS_Sa,TS_Lo,TS_Cl"
380,Trees and Shrubs,Hakea,B,rostrata,beaked hakea,1-4,1-3,400,"Sa,Lo,Cl",ANC,M,W,"W,Sp","TS_Sa,TS_Lo,TS_Cl"
381,Trees and Shrubs,Hakea,B,rugosa,wrinkled hakea,0.5-2.5,1-2,450,"Sa, Lo, Cl",ANC,M,W,"W,Sp","TS_Sa,TS_Lo,TS_Cl"
382,Trees and Shrubs,Hakea,B,vittata,striped hakea,0.5-2,1-3,500,"Sa, Lo, Li",ANC,M,W,Sp,"TS_Sa,TS_Lo,TS_Li"
383,Trees and Shrubs,Hardenbergia,B,violacea Shrub form,native lilac,1.5-2,2-3,500,"Sa, Lo, Cl",ANC,M,Pu,"W,Sp","TS_Sa,TS_Lo,TS_Cl"
384,Trees and Shrubs,Hardenbergia,B,violacea alba ,white native lilac,1.5-2,2-3,500,"Sa, Lo, Cl",ANC,M,W,"W,Sp","TS_Sa,TS_Lo,TS_Cl"
385,Trees and Shrubs,Hardenbergia,B,violacea rosea,pink native lilac,1.5-2,2-3,500,"Sa, Lo, Cl",ANC,M,Pk,"W,Sp","TS_Sa,TS_Lo,TS_Cl"
386,Trees and Shrubs,Hibbertia,G,empetrifolia,scrambling guinea flower,0.5-1,1-2,600,"Sa, Lo, Cl",AN,M,Y,Sp,"TS_Sa,TS_Lo,TS_Cl"
387,Trees and Shrubs,Hibbertia,G,sericea,silky guinea flower,0.2-0.4,0.2-0.5,350,"Sa, Lo",AN,M,Y,Sp,"TS_Sa,TS_Lo"
388,Trees and Shrubs,Hybanthus,G,floribundus,shrub violet,0.5-1.5,0.5-1.5,450,"Lo,Cl",AN,M,Pu,"A,W,Sp","TS_Lo,TS_Cl"
389,Trees and Shrubs,Hymenosporum,B,flavum,native frangipani,8-10,4-5,600,"Lo, Cl",ANC,S,"Y,Cr","Sp,S","TS_Lo,TS_Cl"
390,Trees and Shrubs,Indigofera,B,australis ,Australian indigo,1-2,1-2,300,"Sa, Lo, Cl",ANC,M,Pk/Pu,Sp,"TS_Sa,TS_Lo,TS_Cl"
391,Trees and Shrubs,Isopogon,B,ceratophyllus,wild Irishman,0.5-1,0.5-1,500,"Sa, Lo",ANC,M,Y,Sp,"TS_Sa,TS_Lo"
392,Trees and Shrubs,Isopogon,B,formosus,rose cone flower,1-2,1-2,500,"Sa,Lo",ANC,M,Pk,"Sp,S","TS_Sa,TS_Lo"
393,Trees and Shrubs,Ixodia,G,achillaeoides,hills daisy,1,1,500,"Sa, Lo, Cl",ANC,M,W,"W,Sp,S","TS_Sa,TS_Lo,TS_Cl"
394,Trees and Shrubs,Kunzea ,G,ambigua Dwarf form,dwarf white kunzea,0.5-1.2,0.7-1.2,500,"Sa,Lo,Cl",ANC,M,W,Sp,"TS_Sa,TS_Lo,TS_Cl"
395,Trees and Shrubs,Kunzea ,G,baxteri,crimson kunzea,2-3,2-3,650,"Lo, Cl",AN,M,R,"Sp,S","TS_Lo,TS_Cl"
396,Trees and Shrubs,Lasiopetalum,B,baueri,slender velvet bush,05-1.5,1-2,400,"Sa, Lo, Li",ANC,R,"Pk,W","Sp,S","TS_Sa,TS_Lo,TS_Li"
397,Trees and Shrubs,Lasiopetalum,B,behrii,pink velvet bush,0.5-1.5,1-2,400,"Sa, Lo, Li",ANC,R,"Pk,W","W,Sp","TS_Sa,TS_Lo,TS_Li"
398,Trees and Shrubs,Lasiopetalum,B,discolor,coast velvet bush,0.5-1.5,0.5-2,400,"Sa, Lo",ANC,M,"Pk,W","W,Sp","TS_Sa,TS_Lo"
399,Trees and Shrubs,Lasiopetalum,B,schulzenii,drooping velvet bush,0.5-1.5,0.5-2,400,"Sa, Lo, Li",ANC,M,W,"Sp,S","TS_Sa,TS_Lo,TS_Li"
400,Trees and Shrubs,Leptospermum,G,‘Album Flore Pleno’,cultivar of L.scoparium,1.5-2,1.5-2,500,"Sa, Lo, Cl",AN,M,W,Sp,"TS_Sa,TS_Lo,TS_Cl"
401,Trees and Shrubs,Leptospermum,G,‘Cardwell’,cultivar of L.polygalifolium,2,2,500,"Sa, Lo, Cl",AN,M,W,Sp,"TS_Sa,TS_Lo,TS_Cl"
402,Trees and Shrubs,Leptospermum,B,continentale ,prickly tea tree,1.5-4,2-4,500,"Sa, Lo, Cl",AN,R,W,"Sp,S","TS_Sa,TS_Lo,TS_Cl"
403,Trees and Shrubs,Leptospermum,B,coriaceum,green tea tree,1-3,2-4,350,"Sa, Lo, Li",ANC,R,W,"W,Sp","TS_Sa,TS_Lo,TS_Li"
404,Trees and Shrubs,Leptospermum,G,‘Horizontalis’,cultivar of L.continentale,0.5-1.5,2-4,500,"Sa, Lo, Cl",ANC,R,W,"W,Sp","TS_Sa,TS_Lo,TS_Cl"
405,Trees and Shrubs,Leptospermum,B,lanigerum,woolly tea tree,2-5,1.5-4,550,"Lo, Cl",ANC,R,Cr,"Sp,S","TS_Lo,TS_Cl"
406,Trees and Shrubs,Leptospermum,G,‘Lavender Queen’,cultivar of L.rotundifolium,1.5,2,500,"Sa, Lo, Cl",AN,R,Pk,Sp,"TS_Sa,TS_Lo,TS_Cl"
407,Trees and Shrubs,Leptospermum,B,myrsinoides,silky tea tree,1-4,1-4,450,"Sa, Lo, Cl",AN,R,W,Sp,"TS_Sa,TS_Lo,TS_Cl"
408,Trees and Shrubs,Leptospermum,B,petersonii,lemon scented tea tree,2-5,1.5-4,650,"Sa, Lo, Cl",AN,M,W,S,"TS_Sa,TS_Lo,TS_Cl"
409,Trees and Shrubs,Leptospermum,G,polygalifolium ,tantoon tea tree,2-4,2-4,650,"Lo, Cl",AN,R,W,S,"TS_Lo,TS_Cl"
410,Trees and Shrubs,Leptospermum,G,sericeum,silver tea tree,2-3,2-3,650,"Sa, Lo, Cl",AN,M,Pk,"Sp,S","TS_Sa,TS_Lo,TS_Cl"
411,Trees and Shrubs,Leucophyta,B,brownii,cushion bush,0.2-1,1-2,400,"Sa, Lo, Li",ANC,M,"Y,Br","Sp,S","TS_Sa,TS_Lo,TS_Li"
412,Trees and Shrubs,Leucopogon,G,parviflorus,coast beard heath,2-4,1-3,500,"Sa,Lo",ANC,S,W,Sp,"TS_Sa,TS_Lo"
413,Trees and Shrubs,Linum ,B,marginale,native flax,0.3-0.6,0.2-0.4,500,"Sa,Lo,Cl",ANC,R,B,"W,Sp","TS_Sa,TS_Lo,TS_Cl"
414,Trees and Shrubs,Maireana,B,pyramidata,shrubby bluebush,0.5-1,0.5-1,300,"Sa,Lo,Cl/Lo",ANC,R,I,F,"TS_Sa,TS_Lo,TS_Cl,TS_Lo"
415,Trees and Shrubs,Maireana,B,sedifolia,pearl bluebush,0.6-1.5,0.6-2,350,"Sa,Lo,Cl",ANC,R,Y/Pk,"W,Sp","TS_Sa,TS_Lo,TS_Cl"
416,Trees and Shrubs,Melaleuca,B,acuminata ssp acuminata,mallee honey myrtle,2-4,2,300,"Sa, Lo, Li",ANC,M,Cr,Sp,"TS_Sa,TS_Lo,TS_Li"
417,Trees and Shrubs,Melaleuca,B,armillaris,bracelet honey myrtle,3-8,3-5,450,"Sa, Lo, Cl",ANC,M,Cr,Sp,"TS_Sa,TS_Lo,TS_Cl"
418,Trees and Shrubs,Melaleuca,B,bracteata,white cloud tree,3-8,3-6,600,"Lo, Cl",ANC,M,Cr,S,"TS_Lo,TS_Cl"
419,Trees and Shrubs,Melaleuca,B,brevifolia,white-flowered paperbark,2-4,2-4,400,"Sa,Lo,Cl,Li",ANC,R,W,"Sp,S","TS_Sa,TS_Lo,TS_Cl,TS_Li"
420,Trees and Shrubs,Melaleuca,G,‘Claret Tops’,cultivar of M.linariifolia,0.5-1.5,1-2,500,"Sa,Lo,Cl",ANC,S,W,Sp,"TS_Sa,TS_Lo,TS_Cl"
421,Trees and Shrubs,Melaleuca,G,coccinea,Goldfield’s bottlebrush,2,2,300,"Sa, Lo",ANC,M,R,"Sp,S","TS_Sa,TS_Lo"
422,Trees and Shrubs,Melaleuca,G,‘Cotton Candy’,cultivar of M.thymifolia,0.3-0.4,0.3-0.4,500,"Sa,Lo,Cl",ANC,R,Pu,S,"TS_Sa,TS_Lo,TS_Cl"
423,Trees and Shrubs,Melaleuca,B,decussata,cross-leaved honey myrtle,2-5,2-4,450,"Lo, Cl, Li",ANC,M,Pu,"Sp,S","TS_Lo,TS_Cl,TS_Li"
424,Trees and Shrubs,Melaleuca,G,decussata Fastigata,narrow upright form ,2-3,1,400,"Sa,Lo,Cl",ANC,R,Pu,Sp,"TS_Sa,TS_Lo,TS_Cl"
425,Trees and Shrubs,Melaleuca,B,diosmifolia,diosma-leaved honey myrtle,2-4,2-3,400,"Sa,Lo,Cl,Li",ANC,M,G,S,"TS_Sa,TS_Lo,TS_Cl,TS_Li"
426,Trees and Shrubs,Melaleuca,G,fulgens ssp fulgens,scarlet honey myrtle,1-2,1-2,500,"Lo, Cl",AN,M,R,"Sp,S","TS_Lo,TS_Cl"
427,Trees and Shrubs,Melaleuca,B,gibbosa,slender honey myrtle,2-3,2-3,400,"Sa,Lo,Cl,Li",ANC,M,Pu,S,"TS_Sa,TS_Lo,TS_Cl,TS_Li"
428,Trees and Shrubs,Melaleuca,B,glomerata,inland paperbark,3-5,3-5,300,"Sa, Lo, Cl",ANC,M,Cr,"Sp,S","TS_Sa,TS_Lo,TS_Cl"
429,Trees and Shrubs,Melaleuca,G,‘Green Globe’,cultivar of M.armillaris,1-2,1-2,450,"Sa, Lo, Cl",ANC,M,Cr,"Sp,S","TS_Sa,TS_Lo,TS_Cl"
430,Trees and Shrubs,Melaleuca,B,halmaturorum,SA swamp paperbark,2-6,2-6,350,"Sa,Lo,Cl,Li",ANC,M,W,"Sp,S","TS_Sa,TS_Lo,TS_Cl,TS_Li"
431,Trees and Shrubs,Melaleuca,B,huegelii,chenille honey myrtle,3-4,2-5,500,"Sa,Lo,Cl,Li",ANC,M,"W,Pk","Sp,S","TS_Sa,TS_Lo,TS_Cl,TS_Li"
432,Trees and Shrubs,Melaleuca,B,hypericifolia,hillock honey myrtle,2-3,2-3,450,"Lo, Cl",ANC,M,R/O,"Sp,S","TS_Lo,TS_Cl"
433,Trees and Shrubs,Melaleuca,B,incana,grey honey myrtle,1-3,1.5-3,450,"Lo, Cl",ANC,M,Y,"Sp,S","TS_Lo,TS_Cl"
434,Trees and Shrubs,Melaleuca,B,lanceolata,dryland tea tree,3-8,3-5,250,"Sa,Lo,Cl,Li",ANC,R,Cr,"Sp,S","TS_Sa,TS_Lo,TS_Cl,TS_Li"
435,Trees and Shrubs,Melaleuca,B,lateritia,robin red-breast bush,1-2,1-2,500,"Sa, Lo, Cl",AN,M,R/O,"Sp,S","TS_Sa,TS_Lo,TS_Cl"
436,Trees and Shrubs,Melaleuca,B,linariifolia,snow in summer,5-7,3-5,650,"Sa, Lo Cl",AN,M,W,"Sp,S","TS_Sa,TS_Lo,TS_Cl"
437,Trees and Shrubs,Melaleuca,B,nesophila,western honey myrtle,2-5,2-4,400,"Sa,Lo,Cl,Li",ANC,M,Pu/Pk,"Sp,S","TS_Sa,TS_Lo,TS_Cl,TS_Li"
438,Trees and Shrubs,Melaleuca,G,nesophila Dwarf form,syn M ‘Little Nessie’,1.5-2,1.5-3,350,"Sa,Lo,Cl,Li",ANC,M,Pu,Sp,"TS_Sa,TS_Lo,TS_Cl,TS_Li"
439,Trees and Shrubs,Melaleuca,B,pulchella,claw flower,0.5-2,1-2,400,"Lo, Cl",ANC,M,Pk/Pu,"Sp,S","TS_Lo,TS_Cl"
440,Trees and Shrubs,Melaleuca,B,squamea,swamp honey myrtle,1-3,1-3,500,"Sa,Lo,Cl",AN,R,"Pk,Pu",Sp,"TS_Sa,TS_Lo,TS_Cl"
441,Trees and Shrubs,Melaleuca,B,squarrosa,scented paperbark,2-5,2-4,550,"Sa, Lo,Cl",ANC,R,Cr,"Sp,S","TS_Sa,TS_Lo,TS_Cl"
442,Trees and Shrubs,Melaleuca,B,thymifolia,thyme honey myrtle,0.5-1,0.5-1,550,"Lo, Cl",ANC,R,"Pu,W",S,"TS_Lo,TS_Cl"
443,Trees and Shrubs,Melaleuca,B,uncinata,broombush ,2-3,1-2,350,"Sa, Lo, Li",ANC,M,Y,S,"TS_Sa,TS_Lo,TS_Li"
444,Trees and Shrubs,Melaleuca,G,‘Velvet Cushion’,cultivar of M.incana,0.5-1,0.5-1.5,450,"Sa,Lo,Cl",ANC,M,Y,Sp,"TS_Sa,TS_Lo,TS_Cl"
445,Trees and Shrubs,Melaleuca,B,wilsonii,Wilson’s honey myrtle,1-2,1-3,400,"Sa,Lo,Cl,Li",ANC,M,Pk/Pu,Sp,"TS_Sa,TS_Lo,TS_Cl,TS_Li"
446,Trees and Shrubs,Micromyrtus,G,ciliata,fringed heath myrtle,0.5-1,0.5-2,500,"Sa, Lo",ANC,R,W/Pk,"Sp,S","TS_Sa,TS_Lo"
447,Trees and Shrubs,Muehlenbeckia,B,florulenta,lignum,1-2,1-2.5,300,"Sa,Lo,Cl",ANC,R,"Y,W","Sp,S","TS_Sa,TS_Lo,TS_Cl"
448,Trees and Shrubs,Myoporum,G,floribundum,slender myoporum,2-3,2-3,500,"Sa, Lo, Cl",ANC,R,W,"Sp,S","TS_Sa,TS_Lo,TS_Cl"
449,Trees and Shrubs,Myoporum,B,insulare,boobialla,3-5,3-5,350,"Sa, Lo, Li",ANC,M,W,Sp,"TS_Sa,TS_Lo,TS_Li"
450,Trees and Shrubs,Myoporum,B,petiolatum   ,sticky boobialla,1-2.5,1-3,350,"Sa,Lo,Cl",ANC,R,W,"W,Sp,S","TS_Sa,TS_Lo,TS_Cl"
451,Trees and Shrubs,Myoporum,B,platycarpum,false sandalwood,3-6,2-4,300,"Sa, Lo, Li",ANC,M,W,Sp,"TS_Sa,TS_Lo,TS_Li"
452,Trees and Shrubs,Nitraria ,B,billardierei,nitre bush,1-2,2-4,300,"Sa,Lo,Cl,Li",ANC,R,W,Sp,"TS_Sa,TS_Lo,TS_Cl,TS_Li"
453,Trees and Shrubs,Olearia,B,axillaris,coast daisy-bush,2-3,1.5-2,400,"Sa,Lo,Cl,Li",ANC,R,W,Sp,"TS_Sa,TS_Lo,TS_Cl,TS_Li"
454,Trees and Shrubs,Olearia,B,pannosa,silver-leaved daisy,1-2,1-2,400,"Sa, Lo, Cl",ANC,R,W,Sp,"TS_Sa,TS_Lo,TS_Cl"
455,Trees and Shrubs,Olearia,G,phlogopappa,Otway daisy-bush,1-2,1-2,550,"Sa, Lo, Cl",AN,M,"W,Pk,Pu",Sp,"TS_Sa,TS_Lo,TS_Cl"
456,Trees and Shrubs,Olearia,B,pimeleoides,showy daisy-bush,0.5-1,0.5-1,400,"Sa, Lo, Li",ANC,M,W,"W,Sp","TS_Sa,TS_Lo,TS_Li"
457,Trees and Shrubs,Olearia,B,ramulosa,twiggy daisy-bush,1-1.5,1-2,500,"Sa, Lo, Cl",ANC,M,"W,Pk","Sp,S","TS_Sa,TS_Lo,TS_Cl"
458,Trees and Shrubs,Ozothamnus,G,diosmifolius ,sago flower,2-4,1-3,500,"Sa, Lo, Cl",ANC,M,W/Pk,"Sp,S,A","TS_Sa,TS_Lo,TS_Cl"
459,Trees and Shrubs,Philotheca Syn:Eriostemon,G,angustifolia ssp angustifolia,narrow leaved wax flower,1-1.5,1-1.5,450,"Sa,Lo,Cl",ANC,R,W,Sp,"TS_Sa,TS_Lo,TS_Cl"
460,Trees and Shrubs,Philotheca Syn:Eriostemon,G,myoporoides ,native daphne,1-2,1-2,550,"Lo,Cl",ANC,R,W,"W,Sp","TS_Lo,TS_Cl"
461,Trees and Shrubs,Pimelea,G,ferruginea ,pink rice flower,1,1-1.5,500,"Sa, Lo, Cl",ANC,M,Pk,"Sp,S","TS_Sa,TS_Lo,TS_Cl"
462,Trees and Shrubs,Pimelea,G,glauca,smooth rice flower,0.1-1,0.3-1.5,400,"Sa,Lo",ANC,M,W,"W,Sp,S","TS_Sa,TS_Lo"
463,Trees and Shrubs,Pittosporum,B,angustifolium,native apricot,4-8,3-4,250,"Sa,Lo,Cl,Li",ANC,M,Cr,Sp,"TS_Sa,TS_Lo,TS_Cl,TS_Li"
464,Trees and Shrubs,Platylobium,B,obtusangulum,common flat pea,0.3-1,0.5-1,550,"Sa, Lo, Cl",AN,M,O&R,"Sp,S","TS_Sa,TS_Lo,TS_Cl"
465,Trees and Shrubs,Prostanthera,G,aspalathoides,scarlet mintbush,0.5,0.5,400,"Sa, Lo",ANC,M,"R,Y","Sp,S","TS_Sa,TS_Lo"
466,Trees and Shrubs,Prostanthera,G,behriana,downy mintbush,1-2.5,1-2.5,350,"Sa,Lo",AN,M,W,"W,Sp,S","TS_Sa,TS_Lo"
467,Trees and Shrubs,Prostanthera,G,chlorantha,green mintbush,0.5,0.5,450,"Sa,Lo",ANC,M,B/G,Sp,"TS_Sa,TS_Lo"
468,Trees and Shrubs,Prostanthera,G,eurybioides,Monarto mintbush,0.3-1,1,350,"Sa,Lo",ANC,M,Pu,Sp,"TS_Sa,TS_Lo"
469,Trees and Shrubs,Prostanthera,G,ovalifolia,oval leaf mintbush,2-3,2,600,"Lo, Cl",ANC,M,Pu,Sp,"TS_Lo,TS_Cl"
470,Trees and Shrubs,Prostanthera,G,serpyllifolia ssp microphylla,small-leaved mintbush,0.5,0.5,350,"Sa, Lo",ANC,M,R,"W,Sp","TS_Sa,TS_Lo"
471,Trees and Shrubs,Prostanthera,G,sieberi,mintbush,2-3,2-3,450,"Lo, Cl",AN,M,Pu,Sp,"TS_Lo,TS_Cl"
472,Trees and Shrubs,Prostanthera,G,striatiflora,streaked mintbush,1-2,1-2,350,"Sa, Lo, Li",ANC,M,W,Sp,"TS_Sa,TS_Lo,TS_Li"
473,Trees and Shrubs,Pultenaea,B,daphnoides,long-leaved bush-pea,1-2,0.5-1,550,"Sa, Lo, Cl",ANC,M,Y/R,Sp,"TS_Sa,TS_Lo,TS_Cl"
474,Trees and Shrubs,Pultenaea,B,largiflorens,twiggy bush-pea,1-1.5,0.5-1.5,550,"Sa, Lo, Cl",ANC,M,Y/R,"W,Sp","TS_Sa,TS_Lo,TS_Cl"
475,Trees and Shrubs,Rhagodia,B,candolleana,seaberry saltbush,1-1.5,1-1.5,350,"Sa,Lo,Cl,Li",ANC,M,I,"W,Sp","TS_Sa,TS_Lo,TS_Cl,TS_Li"
476,Trees and Shrubs,Rhagodia,B,crassifolia,fleshy saltbush,1.5,1.5,350,"Sa,Lo,Cl",ANC,R,I,Sp,"TS_Sa,TS_Lo,TS_Cl"
477,Trees and Shrubs,Rhagodia,B,parabolica,fragrant saltbush,1-2,1-2,350,"Sa,Lo,Cl",ANC,R,I,"W,Sp","TS_Sa,TS_Lo,TS_Cl"
478,Trees and Shrubs,Santalum,B,acuminatum,"quandong, native peach",3-6,1-3,300,"Sa,Lo,Cl,Li",ANC,R,Cr,S,"TS_Sa,TS_Lo,TS_Cl,TS_Li"
479,Trees and Shrubs,Santalum,B,spicatum,sandalwood,3-8,1-3,150,"Sa,Lo,Cl,Li",ANC,R,Cr,Sp,"TS_Sa,TS_Lo,TS_Cl,TS_Li"
480,Trees and Shrubs,Senecio ,B,hypoleucus,pale groundsel,0.8-1,0.5,350,"Sa,Lo,Cl",ANC,R,Y,Sp,"TS_Sa,TS_Lo,TS_Cl"
481,Trees and Shrubs,Senecio ,B,odoratus,scented groundsel,0.5-1.5,0.5-1.5,500,"Sa,Lo,Cl",ANC,R,Y,Sp,"TS_Sa,TS_Lo,TS_Cl"
482,Trees and Shrubs,Senna,B,artemisioides ssp artemisioides,silver cassia,1-2.5,1-2.5,250,"Sa, Lo, Li",ANC,M,Y,F,"TS_Sa,TS_Lo,TS_Li"
483,Trees and Shrubs,Senna,B,artemisioides ssp coriacea,cassia,1-3,1-3,300,"Sa,Lo,Cl,Li",ANC,M,Y,Sp,"TS_Sa,TS_Lo,TS_Cl,TS_Li"
484,Trees and Shrubs,Senna,B,artemisioides ssp petiolaris,desert cassia,1-3,1-3,300,"Sa, Lo, Cl/Lo",ANC,M,Y,Sp,"TS_Sa,TS_Lo,TS_Cl,TS_Lo"
485,Trees and Shrubs,Solanum ,B,laciniatum,large kangaroo apple,1-3,1-3,500,"Sa,Lo,Cl",AN,M,B/Pu,"Sp,S","TS_Sa,TS_Lo,TS_Cl"
486,Trees and Shrubs,Stemodia,B,florulenta,blue- rod,0.5,0.5,300,"Sa,Lo,Cl",ANC,R,B,Sp,"TS_Sa,TS_Lo,TS_Cl"
487,Trees and Shrubs,Syzygium,G,smithii,lilly pilly,5-15,5-8,550,"Sa,Lo,Cl",ANC,M,W,Sp,"TS_Sa,TS_Lo,TS_Cl"
488,Trees and Shrubs,Taxandria Syn. Agonis,B,juniperina ,juniper myrtle,6-7,3-4,500,"Lo,Cl",ANC,M,W,"A,Sp","TS_Lo,TS_Cl"
489,Trees and Shrubs,Taxandria Syn. Agonis,G,parviceps,fine tea tree,1-3,1-3,400,"Sa,Lo,Cl",ANC,M,W,"W,Sp","TS_Sa,TS_Lo,TS_Cl"
490,Trees and Shrubs,Templetonia,B,retusa,cockies tongue,1-3,1.5-3,300,"Sa,Lo,Cl,Li",ANC,M,R,"W,Sp","TS_Sa,TS_Lo,TS_Cl,TS_Li"
491,Trees and Shrubs,Tetratheca,G,ciliata,pink bells,0.5,0.5,500,"Sa, Lo",AN,M,"Pk,W",Sp,"TS_Sa,TS_Lo"
492,Trees and Shrubs,Tetratheca,G,pilosa,pink-eyed susan,0.2-0.5,0.2-0.5,550,"Sa, Lo,Cl",AN,M,Pk,"Sp,S","TS_Sa,TS_Lo,TS_Cl"
493,Trees and Shrubs,Tetratheca,G,thymifolia,black eyed susan,0.5,0.5,500,"Sa,Lo,Cl",AN,M,Pk,"W,Sp","TS_Sa,TS_Lo,TS_Cl"
494,Trees and Shrubs,Thomasia,B,petalocalyx,paper flower,0.6,0.6-1,450,"Sa, Lo",ANC,M,Pu/Pk,"Sp,S","TS_Sa,TS_Lo"
495,Trees and Shrubs,Thomasia,G,purpurea,purple paper flower,0.5,0.5,500,"Sa, Lo, Cl",ANC,M,"Pu,Pk","Sp,S","TS_Sa,TS_Lo,TS_Cl"
496,Trees and Shrubs,Thryptomene,G,calycina,Grampians thryptomene,1-2,1-2,600,"Sa, Lo, Cl",AN,M,W/Pk,"W,Sp","TS_Sa,TS_Lo,TS_Cl"
497,Trees and Shrubs,Thryptomene,G,‘F. C. Payne’,cultivar of T.saxicola,1,1-1.5,400,"Sa, Lo, Cl",ANC,M,Pk,"W,Sp","TS_Sa,TS_Lo,TS_Cl"
498,Trees and Shrubs,Verticordia ,G,mitchelliana,rapier feather flower,0.5,1,500,"Sa,Lo",ANC,R,R,S,"TS_Sa,TS_Lo"
499,Trees and Shrubs,Verticordia ,G,plumosa,plumed feather flower,0.5,0.5,550,"Sa, Lo",AN,S/M,Pk,Sp,"TS_Sa,TS_Lo"
500,Trees and Shrubs,Viminaria,B,juncea,golden spray,4-6,2-4,650,"Sa,Lo,Cl",ANC,M,Y,"S,A","TS_Sa,TS_Lo,TS_Cl"
501,Trees and Shrubs,Westringia ,G,dampieri,shore westringia,1,1,450,"Sa, Lo",ANC,M,W/Pk,"Sp,S","TS_Sa,TS_Lo"
502,Trees and Shrubs,Westringia ,G,eremicola,slender westringia,1-1.5,1-1.5,250,"Sa,Lo,Cl,Li",ANC,R,Pu,F,"TS_Sa,TS_Lo,TS_Cl,TS_Li"
503,Trees and Shrubs,Westringia ,G,fruticosa,native rosemary,2-3,2-3,450,"Sa,Lo,Cl,Li",ANC,M,W/Pu,"W,Sp","TS_Sa,TS_Lo,TS_Cl,TS_Li"
504,Trees and Shrubs,Westringia ,G,glabra,violet westringia,1-1.5,1-1.5,550,"Lo, Cl",ANC,M,B/Pu,Sp,"TS_Lo,TS_Cl"
505,Trees and Shrubs,Westringia ,G,‘Jervis Gem’,cultivar of W.fruticosa,1-1.5,1-1.2,500,"Sa,Lo,Cl",ANC,M,Pu,F,"TS_Sa,TS_Lo,TS_Cl"
506,Groundcover,Acacia,G,maxwellii,prostrate umbrella bush,0.2,1-2,350,"Sa,Lo,Cl,Li",ANC,M,Y,"W,Sp","GRO_Sa,GRO_Lo,GRO_Cl,GRO_Li"
507,Groundcover,Ajuga,G,australis,austral bugle,0.3,0.5-1,400,"Sa,Lo,Cl",ANC,R,"Pk,Pu","Sp,S","GRO_Sa,GRO_Lo,GRO_Cl"
508,Groundcover,Atriplex,B,semibaccata,berry saltbush,0.1-0.3,1-3,300,"Sa,Lo,Cl",ANC,R,I,F,"GRO_Sa,GRO_Lo,GRO_Cl"
509,Groundcover,Atriplex,B,suberecta,lagoon saltbush,0.1-0.6,1-2,300,"Sa,Lo,Cl",ANC,R,I,F,"GRO_Sa,GRO_Lo,GRO_Cl"
510,Groundcover,Banksia,G,repens,creeping banksia,0.3-0.5,2-4,400,"Sa,Lo",AN,M,Y,Sp,"GRO_Sa,GRO_Lo"
511,Groundcover,Brachyscome ,G,‘Break O Day’,cut-leaf daisy,0.3,0.5-1,400,"Sa, Lo, Cl",ANC,R,Pu,Allyear,"GRO_Sa,GRO_Lo,GRO_Cl"
512,Groundcover,Brachyscome ,G,formosa Pilliga form,Pilliga daisy,0.1,0.1-0.2,500,"Sa, Lo",ANC,M,Pk,Sp,"GRO_Sa,GRO_Lo"
513,Groundcover,Calytrix,G,tetragona Prostrate form,prostrate fringe myrtle,0.3,1.5,400,"Sa,Lo,Cl,Li",ANC,M,"W,Pk","W,Sp","GRO_Sa,GRO_Lo,GRO_Cl,GRO_Li"
514,Groundcover,Carpobrotus,B,rossii,karkalla,0.1,2-3,300,"Sa,Lo,Cl",ANC,R,Pk,"W,Sp,S","GRO_Sa,GRO_Lo,GRO_Cl"
515,Groundcover,Chrysocephalum ,G,apiculatum Prostrate form,prostrate everlasting,0.3,0.5-1,450,"Sa, Lo, Cl",ANC,R,Y,"W,Sp","GRO_Sa,GRO_Lo,GRO_Cl"
516,Groundcover,Chrysocephalum ,G,apiculatum Qld form,yellow buttons,0.1-0.3,0.5-1,350,"Sa, Lo, Cl",ANC,R,Y,"W,Sp","GRO_Sa,GRO_Lo,GRO_Cl"
517,Groundcover,Chrysocephalum ,G,baxteri,fringed everlasting,0.2-0.4,0.3-0.6,450,"Sa, Lo, Cl",ANC,M,W,F,"GRO_Sa,GRO_Lo,GRO_Cl"
518,Groundcover,Correa,G,decumbens,spreading correa,0.3-0.5,2-3,600,"Lo, Cl",ANC,M,Pk/G,"W,Sp,S","GRO_Lo,GRO_Cl"
519,Groundcover,Dampiera,G,diversifolia,blue eyes,0.1-0.2,0.5-2,400,"Sa, Lo",AN,M,B,"Sp,S","GRO_Sa,GRO_Lo"
520,Groundcover,Dampiera,G,trigona,angled dampiera,0.2-0.5,0.5-1,500,"Sa, Lo, Cl",AN,M,"B,Pk",Sp,"GRO_Sa,GRO_Lo,GRO_Cl"
521,Groundcover,Dichondra ,B,repens,kidney weed,0.1,1-2,350,"Sa, Lo,Cl",ANC,S/M,I,"W,Sp","GRO_Sa,GRO_Lo,GRO_Cl"
522,Groundcover,Disphyma,B,crassifolium ssp clavellatum,round-leaved pig face,0.1,1-2,300,"Sa,Lo,Cl,Li",ANC,R,Pk,Sp,"GRO_Sa,GRO_Lo,GRO_Cl,GRO_Li"
523,Groundcover,Einadia,B,nutans ,nodding saltbush,0.5,1,300,"Sa,Lo,Cl,Li",ANC,R,I,Sp,"GRO_Sa,GRO_Lo,GRO_Cl,GRO_Li"
524,Groundcover,Eremophila ,G,biserrata,prostrate eremophila,0.1,1.5-3,350,"Lo, Cl, Li",ANC,R,G,"W,Sp","GRO_Lo,GRO_Cl,GRO_Li"
525,Groundcover,Eremophila ,G,densifolia,dense-leaved eremophila,0.1-0.5,1-2,350,"Lo, Cl, Li",ANC,M,Pu,"W,Sp","GRO_Lo,GRO_Cl,GRO_Li"
526,Groundcover,Eremophila ,G,glabra Roseworthy form,common emu bush,0.1,1-2,350,"Sa,Lo,Cl,Li",ANC,M,O,"W,Sp","GRO_Sa,GRO_Lo,GRO_Cl,GRO_Li"
527,Groundcover,Eremophila ,G,‘Nullarbor Nymph’,E.decussata x parvifolia,0.3,1.2,350,"Sa,Lo",ANC,R,Pu,Sp,"GRO_Sa,GRO_Lo"
528,Groundcover,Eremophila ,G,serpens,creeping eremophila,0.1,1-1.5,350,"Sa,Lo,Cl,Li",ANC,R,G,"Sp,S","GRO_Sa,GRO_Lo,GRO_Cl,GRO_Li"
529,Groundcover,Frankenia,B,pauciflora var fruticulosa,southern sea heath,0.1,1,250,"Sa, Lo, Li",ANC,M,Pk,Sp,"GRO_Sa,GRO_Lo,GRO_Li"
530,Groundcover,Goodenia,G,albiflora,white goodenia,0.3-0.8,0.3-1,500,"Sa,Lo,Cl",ANC,M,W,Sp,"GRO_Sa,GRO_Lo,GRO_Cl"
531,Groundcover,Goodenia,G,blackiana,goodenia,0.1-0.2,0.2-0.5,500,"Sa,Lo,Cl",ANC,M,Y,"W,Sp","GRO_Sa,GRO_Lo,GRO_Cl"
532,Groundcover,Goodenia,G,ovata Prostrate form,prostrate hop goodenia,0.3-0.8,1-3,450,"Sa, Lo,Cl",ANC,R,Y,"W,Sp","GRO_Sa,GRO_Lo,GRO_Cl"
533,Groundcover,Goodenia,G,varia,sticky goodenia,0.1-0.6,0.5-1.5,350,"Sa,Lo,Cl,Li",ANC,M,Y,"W,Sp","GRO_Sa,GRO_Lo,GRO_Cl,GRO_Li"
534,Groundcover,Grevillea,G,curviloba ,syn G. biternata,0.2-1.5,2-4,500,"Sa, Lo, Cl",ANC,R,Cr,"W,Sp","GRO_Sa,GRO_Lo,GRO_Cl"
535,Groundcover,Grevillea,G,humifusa ,syn G. thelemanniana grey,0.1-0.2,1.5-2,500,"Sa,Lo,Cl,Li",ANC,M,R,"W,Sp","GRO_Sa,GRO_Lo,GRO_Cl,GRO_Li"
536,Groundcover,Grevillea,G,‘Mt. Tamboritha mini’,cultivar of G.lanigera,0.1-0.3,1,400,"Sa,Lo,Cl",ANC,R,"Pk,Cr","W,Sp","GRO_Sa,GRO_Lo,GRO_Cl"
537,Groundcover,Grevillea,G,‘Pink Lady’,cultivar of G.juniperina,0.3-0.5,1.5-2,500,"Lo,Cl",ANC,R,Pk,F,"GRO_Lo,GRO_Cl"
538,Groundcover,Grevillea,G,‘Poorinda Royal Mantle’,cultivar,0.1,2-5,550,"Sa,Lo,Cl",ANC,M,R,"W,Sp,S","GRO_Sa,GRO_Lo,GRO_Cl"
539,Groundcover,Grevillea,G,synapheae,catkin grevillea,0.2,1,600,"Sa, Lo",AN,R,Cr,"W,Sp","GRO_Sa,GRO_Lo"
540,Groundcover,Halgania,G,cyanea,mallee blue flower,0.3-0.8,0.5-1.5,350,"Sa,Lo,Li",ANC,R,B,Sp,"GRO_Sa,GRO_Lo,GRO_Li"
541,Groundcover,Helichrysum,G,scorpioides,button everlasting,0.2-0.5,0.2-0.3,400,"Sa,Lo,Cl",ANC,R,Y,"W,Sp","GRO_Sa,GRO_Lo,GRO_Cl"
542,Groundcover,Hemiandra,G,pungens,snakebush,0.1,1.5,500,"Sa,Lo,Cl",ANC,M,Pu,"Sp,S","GRO_Sa,GRO_Lo,GRO_Cl"
543,Groundcover,Hibbertia,G,obtusifolia,showy guinea flower,0.1,0.2-1,500,"Sa, Lo",AN,M,Y,"Sp,S","GRO_Sa,GRO_Lo"
544,Groundcover,Hibbertia,G,platyphylla ssp platyphylla,Marion Bay guinea flower,0.3-0.5,0.3-0.5,400,"Sa,Lo,Cl,Li",ANC,M,Y,Sp,"GRO_Sa,GRO_Lo,GRO_Cl,GRO_Li"
545,Groundcover,Hibbertia,G,riparia,erect guinea flower,0.1-0.5,0.3-0.8,400,"Sa, Lo, Cl",AN,M,Y,Sp,"GRO_Sa,GRO_Lo,GRO_Cl"
546,Groundcover,Kennedia,B,prostrata,running postman,0.1,1.5-4,450,"Sa,Lo,Cl",ANC,M,"R,Y","W,Sp","GRO_Sa,GRO_Lo,GRO_Cl"
547,Groundcover,Kunzea,G,pomifera,muntries,0.2,2-4,500,"Sa, Lo, Li",ANC,M,Cr,"W,Sp","GRO_Sa,GRO_Lo,GRO_Li"
548,Groundcover,Lechenaultia,G,biloba,blue lechenaultia,0.1-0.5,0.5,550,"Sa,Lo",AN,R,B,"W,Sp,S","GRO_Sa,GRO_Lo"
549,Groundcover,Pelargonium,G,australe Low Form,austral storksbill,0.3-0.7,0.5-1.5,400,"Sa,Lo,Cl",ANC,M,Pk,"Sp,S,A","GRO_Sa,GRO_Lo,GRO_Cl"
550,Groundcover,Pratia,G,pedunculata,trailing pratia,0.1,0.4-2,500,"Sa, Lo, Cl",ANC,M,"B,W","Sp,S","GRO_Sa,GRO_Lo,GRO_Cl"
551,Groundcover,Pultenaea,G,pedunculata,matted bush-pea,0.1,1-3,500,"Sa,Lo,Cl",ANC,M,"O,Y","W,Sp","GRO_Sa,GRO_Lo,GRO_Cl"
552,Groundcover,Pultenaea,G,‘Pyalong Gold’,cultivar of P.pedunculata,0.1,1-3,500,"Sa,Lo,Cl",AN,M,Y,"W,Sp","GRO_Sa,GRO_Lo,GRO_Cl"
553,Groundcover,Rhagodia,B,spinescens ,creeping saltbush,0.5,2-3,300,"Sa,Lo,Cl,Li",ANC,R,I,"A,W","GRO_Sa,GRO_Lo,GRO_Cl,GRO_Li"
554,Groundcover,Scaevola,G,aemula,fairy fan flower,0.3-0.5,0.3-1,500,"Sa,Lo,Cl",ANC,M,"Pk,B",F,"GRO_Sa,GRO_Lo,GRO_Cl"
555,Groundcover,Scaevola,G,albida,small fruited fan flower,0.3-0.6,0.6-1,500,"Sa,Lo,Cl",ANC,R,W,F,"GRO_Sa,GRO_Lo,GRO_Cl"
556,Groundcover,Scaevola,G,calendulacea,dune fan flower,0.4,1,500,"Sa,Lo",ANC,M,B,F,"GRO_Sa,GRO_Lo"
557,Groundcover,Scaevola,G,hookeri,alpine fan flower,0.1-0.2,1-1.5,500,"Lo,Cl",AN,M,W,F,"GRO_Lo,GRO_Cl"
558,Groundcover,Scaevola,G,humilis,sandplain fan flower,0.1-0.2,0.2-1.5,300,"Sa,Lo",ANC,M,Pu,"Sp,S","GRO_Sa,GRO_Lo"
559,Groundcover,Viola,G,hederacea,native violet,0.2,1-4,600,"Lo,Cl",ANC,R,W&Pu,F,"GRO_Lo,GRO_Cl"
560,Groundcover,Viola,G,‘Baby Blue’,cultivar of V.hederacea,0.1,0.5-1,600,"Lo,Cl",ANC,M,B,F,"GRO_Lo,GRO_Cl"
561,Groundcover,Wahlenbergia,B,stricta ssp stricta,native bluebells,0.3-0.6,0.5-1,450,"Sa,Lo,Cl",ANC,M,B,F,"GRO_Sa,GRO_Lo,GRO_Cl"
562,Groundcover,Xerochrysum   syn Bracteantha,G,‘Diamond Head’,cultivar of X.bracteanthum,0.2,0.2-0.6,500,"Sa, Lo",ANC,M,Y,F,"GRO_Sa,GRO_Lo"
563,Climbers,Muehlenbeckia,B,adpressa,climbing lignum,3-4,3-4,500,"Sa,Lo",ANC,M,G,Sp,"CL_Sa,CL_Lo"
564,Climbers,Muehlenbeckia,G,gunnii,coastal lignum,3-6,3-6,500,"Sa, Lo,Cl",ANC,M,Y,Sp,"CL_Sa,CL_Lo,CL_Cl"
565,Grasses,Aristida ,B,behriana,brush wiregrass,0.15-.3,0.2-0.3,300,Sa Lo Cl,ANC,R,Cr,"Sp,A","GRA_Sa,GRA_Lo,GRA_Cl"
566,Grasses,Austrodanthonia  syn. Danthonia,B,caespitosa,common wallaby-grass,0.2-0.8,0.1-0.3,300,"Sa, Lo, Cl",ANC,R,Cr,"Sp,S","GRA_Sa,GRA_Lo,GRA_Cl"
567,Grasses,Austrodanthonia  syn. Danthonia,B,eriantha,hill wallaby-grass,0.2-0.7,0.4,300,"Sa,Lo,Cl",ANC,R,Cr,"W,Sp,S","GRA_Sa,GRA_Lo,GRA_Cl"
568,Grasses,Austrodanthonia  syn. Danthonia,B,fulva syn. A. linkii,wallaby-grass,0.4-0.7,0.5,500,"Sa,Lo,Cl",ANC,R,Cr,"Sp,S","GRA_Sa,GRA_Lo,GRA_Cl"
569,Grasses,Austrodanthonia  syn. Danthonia,B,geniculata,kneed wallaby-grass,0.1-0.5,0.1-0.3,400,"Sa,Lo,Cl",ANC,R,Cr,"Sp,S,A","GRA_Sa,GRA_Lo,GRA_Cl"
570,Grasses,Austrodanthonia  syn. Danthonia,B,pilosa,velvet wallaby-grass,0.2-0.9,0.4,400,"Sa,Lo,Cl",ANC,R,Cr,"Sp,S","GRA_Sa,GRA_Lo,GRA_Cl"
571,Grasses,Austrostipa  syn. Stipa,B,elegantissima,elegant spear-grass,1,1,350,"Sa, Lo, Cl",ANC,R,G/Br,"W,Sp","GRA_Sa,GRA_Lo,GRA_Cl"
572,Grasses,Austrostipa  syn. Stipa,B,mollis,soft spear-grass,1,0.5,350,"Sa,Lo,Cl",ANC,R,G/Br,"W,Sp","GRA_Sa,GRA_Lo,GRA_Cl"
573,Grasses,Austrostipa  syn. Stipa,B,nitida,Balcarra grass,0.7,0.5,350,"Sa,Lo",ANC,R,G/Br,"W,Sp","GRA_Sa,GRA_Lo"
574,Grasses,Austrostipa  syn. Stipa,B,nodosa,spear-grass,0.5-1,0.5-1,350,"Sa,Lo,Cl",ANC,R,G/Br,"W,Sp","GRA_Sa,GRA_Lo,GRA_Cl"
575,Grasses,Bothriochloa,B,macra,red-leg grass,0.4-0.8,0.4-0.8,300,"Sa,Lo,Cl,Li",ANC,R,Br,F,"GRA_Sa,GRA_Lo,GRA_Cl,GRA_Li"
576,Grasses,Chloris,B,truncata,windmill grass,0.3-0.5,0.2-0.5,350,"Sa, Lo, Cl",ANC,M,Br,"Sp,S","GRA_Sa,GRA_Lo,GRA_Cl"
577,Grasses,Cymbopogon,B,ambiguus,lemon-scented grass,0.3-1,0.1-0.5,400,"Sa, Lo, Cl",ANC,R,Cr,"W,Sp","GRA_Sa,GRA_Lo,GRA_Cl"
578,Grasses,Dichanthium,B,sericeum,silky blue grass,0.3-0.8,0.2-0.4,300,"Sa,Lo,Cl",ANC,R,Br,"W,Sp","GRA_Sa,GRA_Lo,GRA_Cl"
579,Grasses,Distichlis,B,distichophylla,emu-grass,0.4,1-2,350,"Sa,Lo,Cl",ANC,R,Br,"Sp,S","GRA_Sa,GRA_Lo,GRA_Cl"
580,Grasses,Elymus,B,scaber var scaber,common wheat-grass,0.2-1,0.3-0.5,300,"Sa,Lo,Cl",ANC,R,Cr,"W,Sp","GRA_Sa,GRA_Lo,GRA_Cl"
581,Grasses,Enneapogon,B,nigricans,bottle washers,0.2-0.5,0.5,350,"Sa, Lo,Cl",ANC,R,Br/Bl,"Sp,S","GRA_Sa,GRA_Lo,GRA_Cl"
582,Grasses,Hemarthria,B,uncinata,mat-grass,0.2-1,0.5-3,500,"Sa,Lo,Cl,Li",ANC,M,G,Sp,"GRA_Sa,GRA_Lo,GRA_Cl,GRA_Li"
583,Grasses,Microlaena,B,stipoides var. stipoides,weeping rice-grass,0.1-0.7,0.2-1,400,"Sa, Lo, Cl",ANC,M,G/Cr,"Sp,S","GRA_Sa,GRA_Lo,GRA_Cl"
584,Grasses,Poa,B,labillardieri ,tussock grass ,0.3-1,0.3-0.7,400,"Sa, Lo, Cl",ANC,R,G/Cr,"Sp,S","GRA_Sa,GRA_Lo,GRA_Cl"
585,Grasses,Poa,B,poiformis,blue tussock grass,0.6-1.2,0.5-1.5,350,"Sa,Lo,Cl",ANC,R,Cr,"Sp,Su","GRA_Sa,GRA_Lo,GRA_Cl"
586,Grasses,Poa,B,sieberiana,grey tussock grass,0.3-0.8,0.3-0.8,500,"Sa, Lo, Cl",ANC,M,G/Cr,"Sp,S","GRA_Sa,GRA_Lo,GRA_Cl"
587,Grasses,Themeda,B,triandra,kangaroo grass,0.4-1,0.5,450,"Sa, Lo, Cl",ANC,R,Br,F,"GRA_Sa,GRA_Lo,GRA_Cl"
588,Grasses,Triodia,B,scariosa,porcupine grass,0.6,1,300,"Sa,Lo",ANC,M,G/Cr,"W,Sp","GRA_Sa,GRA_Lo"
589,Strap-leaved Plants,Anigozanthos,B,flavidus,tall kangaroo paw,0.6-2,0.6-1,500,"Sa,Lo,Cl",ANC,M,Y/R,"Sp,S","SLP_Sa,SLP_Lo,SLP_Cl"
590,Strap-leaved Plants,Anigozanthos,B,manglesii,red & green kangaroo paw,0.6-1,0.6-1,500,"Sa,Lo",AN,M,R/G,"W,Sp","SLP_Sa,SLP_Lo"
591,Strap-leaved Plants,Anigozanthos,B,viridis,green kangaroo paw,0.5,0.5,450,"Sa,Lo",AN,M,G,"W,Sp","SLP_Sa,SLP_Lo"
592,Strap-leaved Plants,Dianella,B,brevicaulis,native flax-lily,0.3-0.5,0.5-2,400,"Sa.Lo,Cl,Li",ANC,R,B,"Sp,S","SLP_Sa,SLP_Lo,SLP_Cl,SLP_Li"
593,Strap-leaved Plants,Dianella,B,longifolia,smooth flax-lily,0.5-0.8,0.5-1,400,"Sa,Lo,Cl",ANC,R,B,"Sp,S","SLP_Sa,SLP_Lo,SLP_Cl"
594,Strap-leaved Plants,Dianella,B,revoluta,black anther flax-lily,0.3-1,0.5-2,400,"Sa,Lo,Cl,Li",ANC,R,B,"Sp,S","SLP_Sa,SLP_Lo,SLP_Cl,SLP_Li"
595,Strap-leaved Plants,Dianella,B,tasmanica,Tasman flax-lily,0.6-1.7,0.5-2,650,"Sa,Lo,Cl",AN,M,B,"Sp,S","SLP_Sa,SLP_Lo,SLP_Cl"
596,Strap-leaved Plants,Diplarrena,B,moraea,butterfly flag,0.3-0.6,0.5-1,550,"Sa,Lo,Cl",ANC,R,W,"Sp,S","SLP_Sa,SLP_Lo,SLP_Cl"
597,Strap-leaved Plants,Doryanthes,B,palmeri,spear-lily,2-3,2-3,600,"Sa,Lo,Cl",ANC,M,R,"Sp,S","SLP_Sa,SLP_Lo,SLP_Cl"
598,Strap-leaved Plants,Lomandra,B,densiflora,pointed mat-rush,0.2-0.6,0.2-0.6,400,"Sa, Lo, Cl",ANC,R,Gr,"W,Sp","SLP_Sa,SLP_Lo,SLP_Cl"
599,Strap-leaved Plants,Lomandra,B,effusa,scented mat-rush,0.2-0.5,0.2-0.5,400,"Sa, Lo",ANC,M,Cr/Y,"W,Sp","SLP_Sa,SLP_Lo"
600,Strap-leaved Plants,Lomandra,B,longifolia,spiny headed mat-rush,0.5-1,0.5-1,500,"Sa, Lo, Cl",ANC,R,Cr/Y,"Sp,S","SLP_Sa,SLP_Lo,SLP_Cl"
601,Strap-leaved Plants,Lomandra,B,micrantha ssp micrantha,small-flowered mat-rush,0.2-0.8,0.2-0.8,500,"Sa, Lo, Cl",ANC,R,W,"A,W,Sp","SLP_Sa,SLP_Lo,SLP_Cl"
602,Strap-leaved Plants,Lomandra,B,multiflora ssp dura,many-flowered mat-rush,0.2-0.8,0.75,400,"Sa, Lo, Cl",ANC,R,Cr/Y,"W,Sp,S","SLP_Sa,SLP_Lo,SLP_Cl"
603,Strap-leaved Plants,Orthrosanthus,B,multiflorus,morning iris,0.3-0.6,0.4-1,450,"Sa,Lo,Cl",ANC,M,B,Sp,"SLP_Sa,SLP_Lo,SLP_Cl"
604,Strap-leaved Plants,Patersonia,B,occidentalis,long purple flag,0.5,0.5,500,"Lo, Cl",AN,M,Pu,Sp,"SLP_Lo,SLP_Cl"
605,Strap-leaved Plants,Xanthorrhoea,B,australis,Austral grass tree,0.5-2,0.6-1,500,"Sa, Lo,Cl",ANC,R,W,"W,Sp,S","SLP_Sa,SLP_Lo,SLP_Cl"
606,Strap-leaved Plants,Xanthorrhoea,B,preissii,western grass tree,1-2,1,400,"Sa,Lo",AN,R,W,Sp,"SLP_Sa,SLP_Lo"
607,Strap-leaved Plants,Xanthorrhoea,B,quadrangulata,Mount Lofty grass tree,1-2.5,0.5-1.5,450,"Sa, Lo, Cl",AN,R,Cr,"A,W","SLP_Sa,SLP_Lo,SLP_Cl"
608,Strap-leaved Plants,Xanthorrhoea,B,semiplana ssp semiplana,grass tree,1-3,1-2,450,"Sa, Lo, Cl",AN,M,Cr,"W,Sp","SLP_Sa,SLP_Lo,SLP_Cl"
609,Bulbs and Lilies,Arthropodium ,B,strictum,vanilla lily,0.4,0.4,400,"Sa,Lo,Cl",ANC,M,P,Sp,"BAL_Sa,BAL_Lo,BAL_Cl"
610,Bulbs and Lilies,Bulbine ,B,bulbosa,native leek,0.3,0.3,500,"Sa,Lo,Cl",ANC,M,Y,Sp,"BAL_Sa,BAL_Lo,BAL_Cl"
611,Bulbs and Lilies,Burchardia,B,umbellata,milkmaids,0.3,0.2,500,"Sa,Lo,Cl",ANC,M,W,Sp,"BAL_Sa,BAL_Lo,BAL_Cl"
612,Bulbs and Lilies,Calostemma,B,purpureum,purple bells,0.2-0.5,0.2,400,"Sa,Lo,Cl",ANC,M,"Pk,P",A,"BAL_Sa,BAL_Lo,BAL_Cl"
613,Aquatic and Riparian Zone Plants,Centella,G,asiatica,pennywort,0.1-0.4,0.5-1,500,"Sa,Lo,Cl",ANC,S,I,Sp,"AARZP_Sa,AARZP_Lo,AARZP_Cl"
614,Aquatic and Riparian Zone Plants,Lobelia ,G,anceps  syn: alata,angled lobelia,0.1-0.3,0.3-2,500,"Lo,Cl",ANC,M,P,"Sp,S","AARZP_Lo,AARZP_Cl"
615,Aquatic and Riparian Zone Plants,Mazus ,G,pumilio,swamp mazus,0.1,1,600,"Sa,Lo,Cl",ANC,M,P,"Sp,S","AARZP_Sa,AARZP_Lo,AARZP_Cl"
616,Aquatic and Riparian Zone Plants,Mentha ,G,australis,river mint,0.3-0.8,0.3-1.5,600,"Sa,Lo,Cl",AN,M,W,Sp,"AARZP_Sa,AARZP_Lo,AARZP_Cl"
617,Aquatic and Riparian Zone Plants,Mimulus ,G,repens,creeping monkey flower,0.2,1-2,500,"Sa,Lo,Cl",ANC,M,P,"Sp,S","AARZP_Sa,AARZP_Lo,AARZP_Cl"
618,Rushes and Sedges,Carex,B,appressa,tall sedge,1,0.5-1,400,"Sa,Lo,Cl",ANC,R,Br,"Sp,S","RAS_Sa,RAS_Lo,RAS_Cl"
619,Rushes and Sedges,Cyperus,B,exaltatus,tall flat sedge,0.3-1,0.3-1,600,"Sa,Lo,Cl",ANC,R,Br,F,"RAS_Sa,RAS_Lo,RAS_Cl"
620,Rushes and Sedges,Cyperus,B,gymnocaulos,spiny flat sedge,0.2-0.7,0.5-1,400,"Sa,Lo,Cl",ANC,R,Br,"W,Sp,S","RAS_Sa,RAS_Lo,RAS_Cl"
621,Rushes and Sedges,Cyperus,B,vaginatus,flat sedge,0.3-1.5,0.5-1,400,"Sa,Lo,Cl",ANC,R,Br,"Sp,S,A","RAS_Sa,RAS_Lo,RAS_Cl"
622,Rushes and Sedges,Ficinia Syn: Isolepis,B,nodosa,knobby club rush,0.5-1.5,0.5-2,400,"Sa,Cl,Li,Lo",ANC,R,Br,F,"RAS_Sa,RAS_Cl,RAS_Li,RAS_Lo"
623,Rushes and Sedges,Gahnia,B,filum,chaffy saw sedge,1-1.5,1-1.5,550,"Sa,Lo",ANC,R,B,F,"RAS_Sa,RAS_Lo"
624,Rushes and Sedges,Gahnia,B,sieberiana,red fruited saw sedge,1.5-3,1.5-3,500,"Sa,Lo,Cl",AN,R,B,F,"RAS_Sa,RAS_Lo,RAS_Cl"
625,Rushes and Sedges,Juncus,B,kraussii,sea rush,0.5-1,0.5-1,450,"Sa,Lo,Cl",ANC,R,Br,F,"RAS_Sa,RAS_Lo,RAS_Cl"
626,Rushes and Sedges,Juncus,B,pallidus,pale rush,0.5-2,0.5-2,500,"Sa,Lo,Cl",ANC,R,Br,"Sp,S","RAS_Sa,RAS_Lo,RAS_Cl"
